cid,bid,value
4799,2180,0.75
4798,2180,0.75
4797,2192,0.75
4796,2193,0.75
4795,2193,0.75
4794,2084,0.75
4681,2085,0.75
4675,2085,0.75
4699,2085,0.75
4680,2085,0.75
4393,2085,0.75
4671,2085,0.75
4672,2085,0.75
4631,2085,0.75
4674,2085,0.75
4632,2085,0.75
4590,2085,0.75
4495,2085,0.75
4265,2085,0.75
4266,2085,0.75
4299,2085,0.75
4108,2085,0.75
4110,2085,0.75
4111,2085,0.75
4391,2085,0.75
4563,1913,0.75
4404,1941,0.75
4619,1913,0.75
4609,2046,0.75
4418,1897,0.75
4440,1810,0.75
4580,2111,0.65
4464,1810,0.75
4083,2111,0.65
4276,1978,0.75
4085,2111,0.65
4277,1978,0.75
4086,2111,0.65
4087,2111,0.65
4088,2111,0.65
4046,2068,0.75
4313,1781,0.65
3992,2088,0.75
4024,1810,0.75
3993,2088,0.75
3910,2068,0.75
3911,2068,0.75
3986,1897,0.75
3912,1674,0.75
4008,1941,0.75
3780,2046,0.75
3781,2046,0.75
3782,2046,0.75
3869,1729,0.75
3815,2065,0.75
3817,2065,0.75
3819,2065,0.75
3821,2065,0.75
3716,2043,0.75
3760,2040,0.75
3718,2043,0.75
3761,2040,0.75
3472,1978,0.75
3719,2043,0.75
3720,2043,0.75
3765,2040,0.75
3715,2043,0.75
2840,1897,0.75
3470,1978,0.75
3471,1978,0.75
3388,1941,0.75
2938,1913,0.75
2939,1913,0.75
2940,1913,0.75
2942,1913,0.75
2808,1793,0.75
2809,1781,0.65
2237,1810,0.75
2832,1781,0.65
2789,1781,0.65
2836,1897,0.75
2838,1897,0.75
2839,1897,0.75
2107,1793,0.75
2235,1810,0.75
2108,1793,0.75
1520,1674,0.75
1670,1729,0.75
1672,1729,0.75
4662,2170,0.75
4663,2170,0.75
4750,2170,0.75
4665,2170,0.75
4793,2149,0.75
4792,2149,0.75
4293,2124,0.75
4592,1810,0.75
4295,2124,0.75
4286,2124,0.75
4288,2124,0.75
4791,2187,0.75
4790,2187,0.75
4789,1874,0.75
4788,2180,0.75
4787,1898,0.75
4786,2187,0.75
4785,2187,0.75
4784,2187,0.75
4783,2187,0.75
4782,2150,0.75
4781,2150,0.75
4780,2099,0.75
4779,2099,0.75
4778,2099,0.75
4777,2180,0.75
4776,2009,0.7
4775,2009,0.7
4774,2098,0.75
4773,2098,0.75
4772,2098,0.75
4771,2098,0.75
4713,1751,0.75
4714,1751,0.75
4711,1751,0.75
4712,1751,0.75
1941,1751,0.75
1942,1751,0.75
2390,1751,0.75
4656,1751,0.75
4710,1751,0.75
4668,1751,0.75
4669,1751,0.75
4770,2194,0.75
4769,2194,0.75
4768,2194,0.75
4767,2194,0.75
4766,2194,0.75
4765,2194,0.75
4764,21,0.75
4763,2129,0.75
4762,2170,0.75
4761,1840,0.65
4760,2009,0.7
4759,2009,0.7
4758,1885,0.75
4757,1885,0.75
4756,21,0.75
4755,1838,0.6
4754,2150,0.75
4753,2150,0.75
4752,2150,0.75
4751,2150,0.75
4749,2164,0.75
4748,2164,0.75
4747,2164,0.75
4746,2119,0.75
4745,2068,0.75
4744,1827,0.75
4743,1827,0.75
4742,1827,0.75
4741,1885,0.75
4740,1885,0.75
4739,1827,0.75
4738,1827,0.75
4737,1827,0.75
4736,1781,0.65
4735,2112,0.75
4734,1898,0.75
4733,1906,0.75
4732,2191,0.75
4731,2191,0.75
4730,2191,0.75
4729,2191,0.75
4728,2191,0.75
4727,2191,0.75
4726,2112,0.75
4725,2164,0.75
4724,1919,0.75
4723,2176,0.75
4722,2176,0.75
4721,2149,0.75
4720,2180,0.75
4719,2164,0.75
4718,1898,0.75
4717,2066,0.75
4716,2066,0.75
4715,2160,0.75
4709,1845,0.75
4708,1845,0.75
4707,2182,0.75
4706,2182,0.75
4705,2176,0.75
4704,2176,0.75
4703,2176,0.75
4702,2176,0.75
4701,2176,0.75
4700,2176,0.75
4698,2182,0.75
4697,2182,0.75
4696,2182,0.75
4695,2182,0.75
4694,2165,0.75
4693,2165,0.75
4692,2165,0.75
4691,2165,0.75
4690,2165,0.75
4689,2165,0.75
4688,2192,0.75
4687,2192,0.75
4686,2192,0.75
4685,2192,0.75
4684,2192,0.75
4683,2162,0.75
4682,2162,0.75
4679,2149,0.75
4678,2149,0.75
4677,2149,0.75
4676,2149,0.75
4673,2085,0.75
4670,2170,0.75
4667,2170,0.75
4666,2170,0.75
4664,2170,0.75
4661,2068,0.75
4660,2068,0.75
4659,2068,0.75
4658,2068,0.75
4657,2138,0.75
4655,2009,0.7
4654,1906,0.75
4653,1906,0.75
4652,2133,0.75
4651,1878,0.75
4650,1898,0.75
4649,1898,0.75
4648,1898,0.75
4647,1885,0.75
4646,1885,0.75
4645,2039,0.75
4644,2034,0.75
4643,2034,0.75
4642,2180,0.75
4641,2164,0.75
4640,1947,0.75
4639,1897,0.75
4638,1885,0.75
4637,1885,0.75
4636,1885,0.75
4635,1885,0.75
4634,1885,0.75
4633,1885,0.75
4630,2159,0.75
4629,2159,0.75
4628,2180,0.75
4627,2180,0.75
4626,2164,0.75
4625,2164,0.75
4624,1781,0.65
4623,2180,0.75
4622,2180,0.75
4621,2133,0.75
4620,1782,0.55
4618,2039,0.75
4617,2116,0.75
4616,1899,0.75
4615,1874,0.75
4614,1580,0.75
4613,1729,0.75
4612,2111,0.65
4611,1781,0.65
4610,1793,0.75
4608,2084,0.75
4607,2084,0.75
4606,2084,0.75
4605,2065,0.75
4604,2065,0.75
4603,2138,0.75
4602,2139,0.75
4601,2139,0.75
4600,2139,0.75
4599,2139,0.75
4598,2139,0.75
4597,1898,0.75
4596,2172,0.75
4595,2172,0.75
4594,2172,0.75
4593,1932,0.75
4591,2009,0.7
4589,2138,0.75
4588,2039,0.75
4587,2068,0.75
4586,1885,0.75
4585,1885,0.75
4584,1885,0.75
4583,1885,0.75
4582,1885,0.75
4581,1885,0.75
4579,2111,0.65
4578,1580,0.75
4577,2138,0.75
4576,2138,0.75
4575,2138,0.75
4574,1885,0.75
4573,2133,0.75
4572,2168,0.75
4571,2168,0.75
4570,1885,0.75
4569,2084,0.75
4568,2084,0.75
4567,2039,0.75
4566,2092,0.75
4565,2092,0.75
4564,2092,0.75
4562,2144,0.75
4561,2144,0.75
4560,2175,0.75
4559,1993,0.75
4558,1993,0.75
4557,1993,0.75
4556,1993,0.75
4555,2168,0.75
4554,2168,0.75
4553,2164,0.75
4552,2164,0.75
4551,2168,0.75
4550,2168,0.75
4549,2164,0.75
4548,2164,0.75
4547,2164,0.75
4546,2164,0.75
4545,2168,0.75
4544,2168,0.75
4543,1810,0.75
4542,2009,0.7
4541,2085,0.75
4540,1932,0.75
4539,2172,0.75
4538,2172,0.75
4537,2172,0.75
4536,2172,0.75
4535,2172,0.75
4534,2172,0.75
4533,2123,0.75
4532,2123,0.75
4531,1912,0.75
4530,1867,0.75
4529,1867,0.75
4528,1781,0.65
4527,1898,0.75
4526,1867,0.75
4525,1867,0.75
4524,1867,0.75
4523,1867,0.75
4522,1867,0.75
4521,1867,0.75
4520,1867,0.75
4519,1867,0.75
4518,2123,0.75
4517,1944,0.75
4516,2159,0.75
4515,2159,0.75
4514,2159,0.75
4513,2159,0.75
4512,2066,0.75
4511,21,0.75
4510,21,0.75
4509,1841,0.75
4508,1841,0.75
4507,2066,0.75
4506,1985,0.75
4505,1882,0.75
4504,1882,0.75
4503,2123,0.75
4502,2125,0.75
4501,1932,0.75
4500,1932,0.75
4499,2009,0.7
4498,2009,0.7
4497,1810,0.75
4496,1810,0.75
4494,2085,0.75
4493,1939,0.75
4492,1939,0.75
4491,1939,0.75
4490,1939,0.75
4489,1892,0.75
4488,1912,0.75
4487,2131,0.75
4486,1798,0.75
4485,1827,0.75
4484,1827,0.75
4483,1827,0.75
4482,1827,0.75
4481,1827,0.75
4480,1827,0.75
4479,1827,0.75
4478,1827,0.75
4477,1827,0.75
4476,1827,0.75
4475,1980,0.75
4474,1892,0.75
4473,2160,0.75
4472,1985,0.75
4471,1985,0.75
4470,2123,0.75
4469,2123,0.75
4468,2123,0.75
4467,1892,0.75
4466,2160,0.75
4465,2160,0.75
4463,1985,0.75
4462,1985,0.75
4461,1985,0.75
4460,1985,0.75
4459,1701,0.75
4458,2150,0.75
4457,2150,0.75
4456,2150,0.75
4455,2150,0.75
4454,2150,0.75
4453,2150,0.75
4452,2150,0.75
4451,2150,0.75
4450,1600,0.75
4449,1798,0.75
4448,1841,0.75
4447,1701,0.75
4446,2160,0.75
4445,2085,0.75
4444,2159,0.75
4443,2159,0.75
4442,1985,0.75
4441,1985,0.75
4439,1935,0.75
4438,1935,0.75
4437,1935,0.75
4436,1935,0.75
4435,1935,0.75
4434,1935,0.75
4433,1935,0.75
4432,1935,0.75
4431,2160,0.75
4430,2160,0.75
4429,2160,0.75
4428,2160,0.75
4427,1912,0.75
4426,2131,0.75
4425,2131,0.75
4424,2131,0.75
4423,2131,0.75
4422,1941,0.75
4421,1935,0.75
4420,1975,0.75
4419,2067,0.7
4417,2030,0.75
4416,2142,0.75
4415,2142,0.75
4414,2142,0.75
4413,2142,0.75
4412,1781,0.65
4411,2039,0.75
4410,1841,0.75
4409,1781,0.65
4408,2158,0.75
4407,1838,0.6
4406,1838,0.6
4405,1941,0.75
4403,2122,0.75
4402,2122,0.75
4401,2144,0.75
4400,2067,0.7
4399,1932,0.75
4398,1838,0.6
4397,1944,0.75
4396,1600,0.75
4395,1600,0.75
4394,1781,0.65
4392,2085,0.75
4390,2085,0.75
4389,1781,0.65
4388,1781,0.65
4387,2158,0.75
4386,2131,0.75
4385,2131,0.75
4384,2131,0.75
4383,1926,0.75
4382,2043,0.75
4381,2144,0.75
4380,21,0.75
4379,2153,0.75
4378,2153,0.75
4377,2153,0.75
4376,2153,0.75
4375,1750,0.01
4374,1750,0.01
4373,1750,0.01
4372,1750,0.01
4371,1750,0.01
4370,1750,0.01
4369,1750,0.01
4368,1750,0.01
4367,1874,0.75
4366,1874,0.75
4365,1841,0.75
4364,1841,0.75
4363,1841,0.75
4362,1841,0.75
4361,1841,0.75
4360,1841,0.75
4359,1781,0.65
4358,2043,0.75
4357,1733,0.75
4356,1733,0.75
4355,1733,0.75
4354,1733,0.75
4353,1733,0.75
4352,1898,0.75
4351,1898,0.75
4350,1898,0.75
4349,1898,0.75
4348,2144,0.75
4347,2144,0.75
4346,2118,0.75
4345,2118,0.75
4344,2118,0.75
4343,2118,0.75
4342,2118,0.75
4341,2118,0.75
4340,2118,0.75
4339,2142,0.75
4338,2142,0.75
4337,2142,0.75
4336,2142,0.75
4335,2142,0.75
4334,1898,0.75
4333,2132,0.75
4332,2137,0.75
4331,2137,0.75
4330,2132,0.75
4329,1733,0.75
4328,1733,0.75
4327,1733,0.75
4326,1733,0.75
4325,1733,0.75
4324,2124,0.75
4323,2124,0.75
4322,1898,0.75
4321,1898,0.75
4320,1898,0.75
4319,2039,0.75
4318,2039,0.75
4317,1906,0.75
4316,1906,0.75
4315,2129,0.75
4314,2129,0.75
4312,1781,0.65
4311,1840,0.65
4310,1840,0.65
4309,1838,0.6
4308,1838,0.6
4307,2133,0.75
4306,2133,0.75
4305,2133,0.75
4304,2142,0.75
4303,2142,0.75
4302,2142,0.75
4301,2085,0.75
4300,2142,0.75
4298,2142,0.75
4297,2142,0.75
4296,2142,0.75
4294,2124,0.75
4292,2124,0.75
4291,2084,0.75
4290,2124,0.75
4289,2124,0.75
4287,2124,0.75
4285,2124,0.75
4284,2121,0.75
4283,2121,0.75
4282,21,0.75
4281,2061,0.75
4280,2061,0.75
4279,2061,0.75
4278,2061,0.75
4275,1978,0.75
4274,2068,0.75
4273,2141,0.75
4272,2141,0.75
4271,2141,0.75
4270,2141,0.75
4269,1781,0.65
4268,1944,0.75
4267,2123,0.75
4264,2132,0.75
4263,2133,0.75
4262,2133,0.75
4261,21,0.75
4260,2132,0.75
4259,2132,0.75
4258,2132,0.75
4257,2132,0.75
4256,2125,0.75
4255,2125,0.75
4254,2125,0.75
4253,2125,0.75
4252,2137,0.75
4251,2137,0.75
4250,2137,0.75
4249,2137,0.75
4248,2122,0.75
4247,2122,0.75
4246,2122,0.75
4245,2122,0.75
4244,2119,0.75
4243,2119,0.75
4242,2134,0.75
4241,2134,0.75
4240,2134,0.75
4239,2134,0.75
4238,2134,0.75
4237,2134,0.75
4236,2134,0.75
4235,2090,0.75
4234,2090,0.75
4233,2090,0.75
4232,2090,0.75
4231,2123,0.75
4230,2123,0.75
4229,2123,0.75
4228,2123,0.75
4227,1750,0.01
4226,1750,0.01
4225,1750,0.01
4224,1750,0.01
4223,1750,0.01
4222,1750,0.01
4221,1750,0.01
4220,1750,0.01
4219,2129,0.75
4218,2129,0.75
4217,2129,0.75
4216,2129,0.75
4215,2129,0.75
4214,2129,0.75
4213,1750,0.01
4212,2125,0.75
4211,2125,0.75
4210,1899,0.75
4209,1899,0.75
4208,2108,0.75
4207,2062,0.75
4206,2062,0.75
4205,2062,0.75
4204,2068,0.75
4203,2039,0.75
4202,2092,0.75
4201,2092,0.75
4200,2092,0.75
4199,1827,0.75
4198,1827,0.75
4197,1827,0.75
4196,1935,0.75
4195,1935,0.75
4194,1935,0.75
4193,1935,0.75
4192,1769,0.75
4191,2062,0.75
4190,2062,0.75
4189,2062,0.75
4188,2062,0.75
4187,2002,0.75
4186,2002,0.75
4185,2117,0.75
4184,2117,0.75
4183,2117,0.75
4182,2117,0.75
4181,2117,0.75
4180,2117,0.75
4179,2117,0.75
4178,2117,0.75
4177,2128,0.75
4176,2128,0.75
4175,2128,0.75
4174,2128,0.75
4173,2128,0.75
4172,2128,0.75
4171,2128,0.75
4170,1846,0.75
4169,1846,0.75
4168,1846,0.75
4167,1846,0.75
4166,1846,0.75
4165,1975,0.75
4164,1750,0.01
4163,2112,0.75
4162,2112,0.75
4161,1899,0.75
4160,2099,0.75
4159,2099,0.75
4158,2099,0.75
4157,2099,0.75
4156,1944,0.75
4155,2119,0.75
4154,2119,0.75
4153,2002,0.75
4152,2002,0.75
4151,2002,0.75
4150,2108,0.75
4149,2108,0.75
4148,2108,0.75
4147,2116,0.75
4146,2116,0.75
4145,2116,0.75
4144,2116,0.75
4143,2116,0.75
4142,2116,0.75
4141,2116,0.75
4140,2039,0.75
4139,2039,0.75
4138,2039,0.75
4137,2039,0.75
4136,2039,0.75
4135,2039,0.75
4134,2039,0.75
4133,2039,0.75
4132,2039,0.75
4131,2039,0.75
4130,2039,0.75
4129,2039,0.75
4128,2039,0.75
4127,1898,0.75
4126,1898,0.75
4125,1898,0.75
4124,2106,0.75
4123,2126,0.75
4122,1899,0.75
4121,1899,0.75
4120,1899,0.75
4119,1899,0.75
4118,2106,0.75
4117,2123,0.75
4116,21,0.75
4115,1947,0.75
4114,1810,0.75
4113,1810,0.75
4112,2085,0.75
4109,2085,0.75
4107,2067,0.7
4106,1838,0.6
4105,2115,0.75
4104,2115,0.75
4103,2115,0.75
4102,2111,0.65
4101,2043,0.75
4100,2043,0.75
4099,2027,0.75
4098,2076,0.75
4097,2076,0.75
4096,2076,0.75
4095,2076,0.75
4094,2076,0.75
4093,2076,0.75
4092,2076,0.75
4091,2076,0.75
4090,2067,0.7
4089,1810,0.75
4084,2111,0.65
4082,2111,0.65
4081,1827,0.75
4080,2106,0.75
4079,2106,0.75
4078,2106,0.75
4077,2106,0.75
4076,1906,0.75
4075,1781,0.65
4074,2108,0.75
4073,1944,0.75
4072,1654,0.75
4071,1654,0.75
4070,1840,0.65
4069,1840,0.65
4068,1774,0.75
4067,2107,0.75
4066,2032,0.75
4065,2032,0.75
4064,2107,0.75
4063,2107,0.75
4062,2107,0.75
4061,2107,0.75
4060,2009,0.7
4059,2112,0.75
4058,2112,0.75
4057,2112,0.75
4056,2112,0.75
4055,2112,0.75
4054,2112,0.75
4053,2112,0.75
4052,1939,0.75
4051,1939,0.75
4050,1729,0.75
4049,1580,0.75
4048,1634,0.75
4047,1939,0.75
4045,2043,0.75
4044,2043,0.75
4043,2067,0.7
4042,2066,0.75
4041,1855,0.75
4040,1750,0.01
4039,1959,0.75
4038,2036,0.75
4037,2036,0.75
4036,1882,0.75
4035,1751,0.75
4034,1751,0.75
4033,1751,0.75
4032,1750,0.01
4031,1838,0.6
4030,1917,0.75
4029,1932,0.75
4028,1932,0.75
4027,1932,0.75
4026,1932,0.75
4025,1580,0.75
4023,1654,0.75
4022,1838,0.6
4021,1838,0.6
4020,1855,0.75
4019,1855,0.75
4018,1838,0.6
4017,1855,0.75
4016,2084,0.75
4015,2068,0.75
4014,1947,0.75
4013,1848,0.6
4012,1634,0.75
4011,1810,0.75
4010,1810,0.75
4009,1634,0.75
4007,1941,0.75
4006,2108,0.75
4005,2108,0.75
4004,2108,0.75
4003,2108,0.75
4002,2108,0.75
4001,2108,0.75
4000,21,0.75
3999,2088,0.75
3998,2088,0.75
3997,2088,0.75
3996,2088,0.75
3995,2088,0.75
3994,2088,0.75
3991,2100,0.75
3990,2100,0.75
3989,2100,0.75
3988,2100,0.75
3987,2084,0.75
3985,1917,0.75
3984,1917,0.75
3983,1917,0.75
3982,2098,0.75
3981,2098,0.75
3980,2098,0.75
3979,2098,0.75
3978,2098,0.75
3977,2098,0.75
3976,2098,0.75
3975,2098,0.75
3974,2098,0.75
3973,1600,0.75
3972,1600,0.75
3971,1600,0.75
3970,1892,0.75
3969,1898,0.75
3968,2087,0.75
3967,2087,0.75
3966,2087,0.75
3965,2087,0.75
3964,2087,0.75
3963,2087,0.75
3962,2087,0.75
3961,2009,0.7
3960,1959,0.75
3959,1959,0.75
3958,1959,0.75
3957,1959,0.75
3956,1959,0.75
3955,1959,0.75
3954,2096,0.75
3953,2043,0.75
3952,2096,0.75
3951,2096,0.75
3950,2096,0.75
3949,2096,0.75
3948,2096,0.75
3947,2096,0.75
3946,2096,0.75
3945,2096,0.75
3944,2096,0.75
3943,2096,0.75
3942,1821,0.75
3941,1821,0.75
3940,1821,0.75
3939,1821,0.75
3938,1751,0.75
3937,1751,0.75
3936,1751,0.75
3935,1751,0.75
3934,2084,0.75
3933,2084,0.75
3932,2084,0.75
3931,2084,0.75
3930,2084,0.75
3929,1757,0.75
3928,2022,0.75
3927,1848,0.6
3926,2036,0.75
3925,1604,0.5
3924,1580,0.75
3923,1580,0.75
3922,2023,0.75
3921,2023,0.75
3920,2023,0.75
3919,2023,0.75
3918,2023,0.75
3917,2023,0.75
3916,1977,0.75
3915,1864,0.75
3914,1864,0.75
3913,1991,0.6
3909,1654,0.75
3908,1892,0.75
3907,1892,0.75
3906,1892,0.75
3905,1892,0.75
3904,1892,0.75
3903,1892,0.75
3902,1892,0.75
3901,1892,0.75
3900,2086,0.75
3899,2034,0.75
3898,2086,0.75
3897,2086,0.75
3896,2086,0.75
3895,2086,0.75
3894,2086,0.75
3893,2034,0.75
3892,1864,0.75
3891,1251,0.6
3890,1251,0.6
3889,2034,0.75
3888,2034,0.75
3887,2009,0.7
3886,2009,0.7
3885,2093,0.75
3884,2093,0.75
3883,2093,0.75
3882,2089,10.0
3881,1769,0.75
3880,1769,0.75
3879,1769,0.75
3878,1769,0.75
3877,2074,0.75
3876,1729,0.75
3875,2089,10.0
3874,1729,0.75
3867,1729,0.75
3866,1905,0.75
3865,1917,0.75
3864,1917,0.75
3863,1917,0.75
3862,2075,0.75
3861,2075,0.75
3860,2075,0.75
3859,2075,0.75
3858,2075,0.75
3857,2075,0.75
3856,2075,0.75
3855,1782,0.55
3854,1906,0.75
3853,2024,0.75
3852,1983,0.75
3851,1939,0.75
3850,2077,0.75
3849,2077,0.75
3848,2077,0.75
3847,2077,0.75
3846,2077,0.75
3845,2077,0.75
3844,1813,0.75
3843,1813,0.75
3842,1813,0.75
3841,1813,0.75
3840,2071,0.75
3839,2071,0.75
3838,2071,0.75
3837,1885,0.75
3836,1885,0.75
3835,2072,0.75
3834,2072,0.75
3833,2072,0.75
3832,2072,0.75
3831,2072,0.75
3830,2072,0.75
3829,2072,0.75
3828,1932,0.75
3827,21,0.75
3826,2074,0.75
3825,2074,0.75
3824,2074,0.75
3823,2046,0.75
3822,2065,0.75
3820,2065,0.75
3818,2065,0.75
3816,2065,0.75
3814,1896,0.75
3813,1896,0.75
3812,2030,0.75
3811,2030,0.75
3810,2030,0.75
3809,2030,0.75
3808,2030,0.75
3807,2029,0.75
3806,2029,0.75
3805,2029,0.75
3804,2029,0.75
3803,2029,0.75
3802,2029,0.75
3801,2029,0.75
3800,2029,0.75
3799,2029,0.75
3798,2029,0.75
3797,2029,0.75
3796,2071,0.75
3795,2071,0.75
3794,2071,0.75
3793,2071,0.75
3792,1251,0.6
3791,2035,0.75
3790,2035,0.75
3789,2035,0.75
3788,2035,0.75
3787,2067,0.7
3786,2067,0.7
3785,2067,0.7
3784,2067,0.7
3783,2067,0.7
3779,2046,0.75
3778,2046,0.75
3777,2046,0.75
3776,2066,0.75
3775,2066,0.75
3774,2066,0.75
3773,2066,0.75
3772,2066,0.75
3771,2066,0.75
3770,2066,0.75
3769,2066,0.75
3768,2066,0.75
3767,1654,0.75
3766,2040,0.75
3764,2040,0.75
3763,2040,0.75
3762,2040,0.75
3759,1750,0.01
3758,1896,0.75
3757,2064,0.75
3756,2064,0.75
3755,2064,0.75
3754,1782,0.55
3753,1782,0.55
3752,1782,0.55
3751,1810,0.75
3750,1838,0.6
3749,1769,0.75
3748,1774,0.75
3747,2038,0.75
3746,2038,0.75
3745,2038,0.75
3744,2038,0.75
3743,2038,0.75
3742,2038,0.75
3741,2038,0.75
3740,2060,0.75
3739,2038,0.75
3738,2060,0.75
3737,2060,0.75
3736,2060,0.75
3735,2060,0.75
3734,2060,0.75
3733,2060,0.75
3732,1896,0.75
3731,1896,0.75
3730,1896,0.75
3729,1896,0.75
3728,1896,0.75
3727,1896,0.75
3726,1750,0.01
3725,1769,0.75
3724,1769,0.75
3723,1769,0.75
3722,1769,0.75
3721,2043,0.75
3717,2043,0.75
3714,1750,0.01
3713,2041,0.75
3712,2041,0.75
3711,2041,0.75
3710,2041,0.75
3709,2041,0.75
3708,2041,0.75
3707,2041,0.75
3705,2054,0.75
3704,2054,0.75
3703,2054,0.75
3702,2054,0.75
3701,2054,0.75
3700,2052,0.75
3699,2052,0.75
3698,2052,0.75
3697,2052,0.75
3696,2052,0.75
3695,1654,0.75
3694,2032,0.75
3693,2032,0.75
3692,2032,0.75
3691,1750,0.01
3690,1885,0.75
3689,1990,0.75
3688,1983,0.75
3687,1932,0.75
3686,1919,0.75
3685,1885,0.75
3684,1750,0.01
3683,2032,0.75
3682,2032,0.75
3681,2032,0.75
3680,2032,0.75
3679,1932,0.75
3678,2050,0.75
3677,2050,0.75
3676,2050,0.75
3675,2050,0.75
3674,2031,0.75
3673,2031,0.75
3672,2031,0.75
3671,2031,0.75
3670,2031,0.75
3669,2031,0.75
3668,2031,0.75
3667,2031,0.75
3666,2031,0.75
3665,2036,0.75
3664,2036,0.75
3663,2036,0.75
3662,2036,0.75
3661,2036,0.75
3660,21,0.75
3659,1781,0.65
3658,1604,0.5
3657,1604,0.5
3656,1922,0.75
3655,1750,0.01
3654,1786,0.75
3653,1786,0.75
3652,1786,0.75
3651,1786,0.75
3650,1750,0.01
3649,1361,0.5
3648,1361,0.5
3647,2007,0.75
3646,2007,0.75
3645,2007,0.75
3644,2007,0.75
3643,2007,0.75
3642,2007,0.75
3641,2007,0.75
3640,2007,0.75
3639,2007,0.75
3638,2007,0.75
3637,2007,0.75
3636,1898,0.75
3635,1922,0.75
3634,1751,0.75
3633,1927,0.75
3632,2051,0.75
3631,2051,0.75
3630,2028,0.75
3629,2028,0.75
3628,2028,0.75
3627,2028,0.75
3626,1995,0.75
3625,1995,0.75
3624,1995,0.75
3623,1995,0.75
3622,1995,0.75
3621,1995,0.75
3620,1995,0.75
3619,1654,0.75
3618,648,0.75
3617,2009,0.7
3616,2009,0.7
3615,1998,0.75
3614,1998,0.75
3613,1998,0.75
3612,1998,0.75
3611,1998,0.75
3610,1998,0.75
3609,1998,0.75
3608,2025,0.75
3607,2025,0.75
3606,2025,0.75
3605,2025,0.75
3604,21,0.75
3603,1919,0.75
3602,1654,0.75
3601,1918,0.75
3600,1750,0.75
3599,2045,0.75
3598,2045,0.75
3597,2045,0.75
3596,2045,0.75
3595,2045,0.75
3594,2045,0.75
3593,2045,0.75
3592,1974,0.75
3591,1974,0.75
3590,1947,0.75
3589,2044,0.75
3588,21,0.75
3587,1984,0.75
3586,1984,0.75
3585,1984,0.75
3584,1984,0.75
3583,1984,0.75
3582,1984,0.75
3581,1984,0.75
3580,1854,0.65
3579,1994,0.75
3578,1994,0.75
3577,1994,0.75
3576,1994,0.75
3575,1994,0.75
3574,1994,0.75
3573,1994,0.75
3572,1994,0.75
3571,1654,0.75
3570,21,0.75
3569,1947,0.75
3568,1947,0.75
3567,1947,0.75
3566,1947,0.75
3565,1947,0.75
3564,1947,0.75
3563,1947,0.75
3562,1821,0.75
3561,1821,0.75
3560,1750,0.01
3559,1810,0.75
3558,1641,0.75
3557,1604,0.5
3556,1926,0.75
3555,1604,0.5
3554,1604,0.5
3553,1654,0.75
3552,1993,0.75
3551,1993,0.75
3550,1993,0.75
3549,1993,0.75
3548,1774,0.75
3547,1838,0.6
3546,1838,0.6
3545,1944,0.75
3544,1844,0.75
3543,1844,0.75
3542,1945,0.75
3541,1945,0.75
3540,1945,0.75
3539,1945,0.75
3538,1945,0.75
3537,1945,0.75
3536,1945,0.75
3535,1945,0.75
3534,1803,0.75
3533,1865,0.75
3532,1870,0.75
3531,1933,0.75
3530,1933,0.75
3529,1864,0.75
3528,1864,0.75
3527,1940,0.75
3526,1878,0.75
3525,1841,0.75
3524,1935,0.75
3523,1935,0.75
3522,1781,0.65
3521,2022,0.75
3520,2022,0.75
3519,2022,0.75
3518,2022,0.75
3517,2022,0.75
3516,2022,0.75
3515,2022,0.75
3514,2022,0.75
3513,1940,0.75
3512,2024,0.75
3511,2024,0.75
3510,2024,0.75
3509,2024,0.75
3508,2024,0.75
3507,2024,0.75
3506,2024,0.75
3505,2024,0.75
3504,1361,0.5
3503,1361,0.5
3502,1361,0.5
3501,1361,0.5
3500,1838,0.6
3499,1878,0.75
3498,1926,0.75
3497,1557,0.65
3496,1885,0.75
3495,1838,0.6
3494,1992,0.75
3493,1992,0.75
3492,1992,0.75
3491,1992,0.75
3490,1992,0.75
3489,1992,0.75
3488,1968,0.75
3487,1968,0.75
3486,1968,0.75
3485,1968,0.75
3484,1968,0.75
3483,1932,0.75
3482,1968,0.75
3481,1968,0.75
3480,1968,0.75
3479,2009,0.7
3478,2009,0.7
3477,2009,0.7
3476,2009,0.7
3475,1739,0.75
3474,1739,0.75
3473,1978,0.75
3469,1978,0.75
3468,1978,0.75
3467,1978,0.75
3466,1978,0.75
3465,1891,0.75
3464,1891,0.75
3463,1891,0.75
3462,1891,0.75
3461,1891,0.75
3460,1891,0.75
3459,1891,0.75
3458,1891,0.75
3457,1878,0.75
3456,1995,0.75
3455,1995,0.75
3454,1995,0.75
3453,1995,0.75
3452,1918,0.75
3451,1918,0.75
3450,1918,0.75
3449,1918,0.75
3448,1918,0.75
3447,1918,0.75
3446,1918,0.75
3445,1918,0.75
3444,1870,0.75
3443,1939,0.75
3442,1939,0.75
3441,1733,0.75
3440,1733,0.75
3439,1982,0.75
3438,1982,0.75
3437,1982,0.75
3436,1982,0.75
3435,1361,0.5
3434,1361,0.5
3433,1976,0.75
3432,1976,0.75
3431,1976,0.75
3430,1976,0.75
3429,1976,0.75
3428,1976,0.75
3427,1976,0.75
3426,1976,0.75
3425,1990,0.75
3424,1990,0.75
3423,1990,0.75
3422,1990,0.75
3421,1990,0.75
3420,1990,0.75
3419,1585,0.75
3418,1585,0.75
3417,916,0.75
3416,916,0.75
3415,916,0.75
3414,916,0.75
3413,1878,0.75
3412,1845,0.75
3411,1863,0.75
3410,1942,0.75
3409,1942,0.75
3408,1942,0.75
3407,1942,0.75
3406,1942,0.75
3405,1942,0.75
3404,1942,0.75
3403,1942,0.75
3402,1939,0.75
3401,1782,0.55
3400,1782,0.55
3399,1989,0.75
3398,1989,0.75
3397,1989,0.75
3396,1989,0.75
3395,1989,0.75
3394,1989,0.75
3393,1989,0.75
3392,1989,0.75
3391,1941,0.75
3390,1941,0.75
3389,1941,0.75
3387,1941,0.75
3386,1941,0.75
3385,1941,0.75
3384,1941,0.75
3383,1965,0.75
3382,1965,0.75
3381,1965,0.75
3380,1965,0.75
3379,1949,0.75
3378,1949,0.75
3377,1949,0.75
3376,1949,0.75
3375,1955,0.75
3374,1955,0.75
3373,1955,0.75
3372,1955,0.75
3371,1981,0.75
3370,1981,0.75
3369,1981,0.75
3368,1981,0.75
3367,1981,0.75
3366,1981,0.75
3365,1844,0.75
3364,1844,0.75
3363,1844,0.75
3362,1844,0.75
3361,1991,0.6
3360,1991,0.6
3359,1991,0.6
3358,1991,0.6
3357,1991,0.6
3356,1991,0.6
3355,1882,0.75
3354,1882,0.75
3353,1882,0.75
3352,1882,0.75
3351,1882,0.75
3350,1882,0.75
3349,1882,0.75
3348,1882,0.75
3347,1844,0.75
3346,1844,0.75
3345,1844,0.75
3344,1844,0.75
3343,1885,0.75
3342,1838,0.6
3341,1838,0.6
3340,1995,0.75
3339,1757,0.75
3338,1757,0.75
3337,1757,0.75
3336,1757,0.75
3335,1757,0.75
3334,1757,0.75
3333,1960,0.75
3332,1960,0.75
3331,1960,0.75
3330,1960,0.75
3329,1960,0.75
3328,1960,0.75
3327,1995,0.75
3326,1840,0.65
3325,1926,0.75
3324,1983,0.75
3323,1983,0.75
3322,1983,0.75
3321,1983,0.75
3320,1983,0.75
3319,1983,0.75
3318,1983,0.75
3317,1983,0.75
3316,1731,0.75
3315,1731,0.75
3314,1604,0.5
3313,1654,0.75
3312,1977,0.75
3311,1977,0.75
3310,1977,0.75
3309,1977,0.75
3308,1977,0.75
3307,1977,0.75
3306,1977,0.75
3305,1977,0.75
3304,1854,0.65
3303,1854,0.65
3302,1854,0.65
3301,1854,0.65
3300,1854,0.65
3299,1854,0.65
3298,1854,0.65
3297,1854,0.65
3296,1840,0.65
3295,1840,0.65
3294,1932,0.75
3293,1932,0.75
3292,1932,0.75
3291,1932,0.75
3290,1932,0.75
3289,1932,0.75
3288,1932,0.75
3287,1932,0.75
3286,1932,0.75
3285,1932,0.75
3284,1885,0.75
3283,1885,0.75
3282,1885,0.75
3281,1885,0.75
3280,1885,0.75
3279,1885,0.75
3278,1885,0.75
3277,1885,0.75
3276,1840,0.65
3275,1840,0.65
3274,1840,0.65
3273,1840,0.65
3272,1840,0.65
3271,1840,0.65
3270,1840,0.65
3269,1840,0.65
3268,1840,0.65
3267,1840,0.65
3266,1840,0.65
3265,1840,0.65
3264,1840,0.65
3263,1840,0.65
3262,1840,0.65
3261,1840,0.65
3260,1933,0.75
3259,1933,0.75
3258,1933,0.75
3257,1933,0.75
3256,1933,0.75
3255,1933,0.75
3254,1933,0.75
3253,1933,0.75
3252,1975,0.75
3251,1975,0.75
3250,1975,0.75
3249,1975,0.75
3248,1975,0.75
3247,1975,0.75
3246,1975,0.75
3245,1975,0.75
3244,1973,0.75
3243,1973,0.75
3242,1973,0.75
3241,1973,0.75
3240,1973,0.75
3239,1973,0.75
3238,1973,0.75
3237,1973,0.75
3235,1841,0.75
3234,1841,0.75
3233,1841,0.75
3232,1841,0.75
3231,1841,0.75
3230,1841,0.75
3229,1841,0.75
3228,1841,0.75
3227,21,0.75
3226,21,0.75
3225,1919,0.75
3224,1919,0.75
3223,1919,0.75
3222,1919,0.75
3221,1919,0.75
3220,1919,0.75
3219,1919,0.75
3218,1919,0.75
3217,1600,0.75
3216,1600,0.75
3215,1600,0.75
3214,1600,0.75
3213,1600,0.75
3212,1939,0.75
3211,1939,0.75
3210,1939,0.75
3209,1939,0.75
3208,1939,0.75
3207,1939,0.75
3206,1939,0.75
3205,1939,0.75
3204,1939,0.75
3203,1939,0.75
3202,1939,0.75
3201,1939,0.75
3200,1939,0.75
3199,1939,0.75
3198,1939,0.75
3197,1956,0.75
3196,1956,0.75
3195,1956,0.75
3194,1956,0.75
3193,1956,0.75
3192,1956,0.75
3182,1940,0.75
3181,1940,0.75
3180,1940,0.75
3179,1940,0.75
3178,1940,0.75
3177,1940,0.75
3176,1940,0.75
3175,1940,0.75
3172,1939,0.75
3163,1765,0.75
3162,1952,0.75
3161,1952,0.75
3160,1952,0.75
3159,1952,0.75
3158,1952,0.75
3157,1952,0.75
3156,1952,0.75
3155,1952,0.75
3154,1771,0.75
3153,1958,0.75
3152,1958,0.75
3151,1958,0.75
3150,1958,0.75
3149,1958,0.75
3148,1958,0.75
3147,1934,0.75
3146,1934,0.75
3145,1934,0.75
3144,1934,0.75
3143,1934,0.75
3142,1934,0.75
3141,1934,0.75
3140,1934,0.75
3139,1916,0.75
3138,1838,0.6
3137,1838,0.6
3136,1838,0.6
3135,1838,0.6
3134,1943,0.75
3133,1943,0.75
3132,1943,0.75
3131,1943,0.75
3130,1943,0.75
3129,1943,0.75
3128,1765,0.75
3127,1946,0.6
3126,1946,0.6
3125,1946,0.6
3124,1946,0.6
3123,1946,0.6
3122,1946,0.6
3121,1845,0.75
3120,1885,0.75
3119,1840,0.65
3118,1885,0.75
3117,1950,0.75
3116,1950,0.75
3115,1950,0.75
3114,1950,0.75
3113,1950,0.75
3112,1950,0.75
3111,1571,0.65
3108,1885,0.75
3107,1840,0.65
3106,1850,0.75
3105,1885,0.75
3104,1833,0.75
3103,1654,0.75
3102,1845,0.75
3101,1864,0.75
3100,1865,0.75
3099,1833,0.75
3098,1855,0.75
3097,1850,0.75
3096,1921,0.75
3095,1921,0.75
3094,1921,0.75
3093,1921,0.75
3092,1921,0.75
3091,1921,0.75
3090,1921,0.75
3089,1921,0.75
3088,1921,0.75
3087,1921,0.75
3086,1921,0.75
3085,1921,0.75
3084,1769,0.75
3083,1944,0.75
3082,1944,0.75
3081,1944,0.75
3080,1944,0.75
3079,1944,0.75
3078,1944,0.75
3077,1926,0.75
3076,1751,0.75
3075,1604,0.5
3074,1604,0.5
3073,1914,0.75
3072,1914,0.75
3071,1914,0.75
3070,1914,0.75
3069,1914,0.75
3068,1914,0.75
3067,1654,0.75
3066,1935,0.75
3065,1935,0.75
3064,1935,0.75
3063,21,0.75
3062,1781,0.65
3061,1781,0.65
3060,1845,0.75
3059,1935,0.75
3058,1935,0.75
3057,1935,0.75
3056,1935,0.75
3055,1935,0.75
3054,1604,0.5
3053,1845,0.75
3052,1827,0.75
3051,1827,0.75
3050,1827,0.75
3049,1827,0.75
3048,1827,0.75
3047,1827,0.75
3042,1750,0.01
3039,1733,0.75
3038,1733,0.75
3037,1733,0.75
3036,1733,0.75
3035,1733,0.75
3034,1733,0.75
3033,1733,0.75
3032,1733,0.75
3031,1733,0.75
3030,1733,0.75
3029,1733,0.75
3028,1733,0.75
3027,1845,0.75
3025,1845,0.75
3024,1782,0.55
3023,1654,0.75
3022,1848,0.6
3021,1845,0.75
3020,1927,0.75
3019,1927,0.75
3018,1927,0.75
3017,1927,0.75
3016,1927,0.75
3015,1927,0.75
3014,1927,0.75
3013,1927,0.75
3012,1604,0.5
3011,1930,0.75
3010,1930,0.75
3009,1930,0.75
3008,1930,0.75
3007,1930,0.75
3006,1930,0.75
3005,1930,0.75
3004,1930,0.75
3003,1855,0.75
3002,1909,0.75
3001,1909,0.75
3000,1909,0.75
2999,1909,0.75
2998,1909,0.75
2997,1909,0.75
2996,1845,0.75
2995,1538,0.75
2994,1926,0.75
2993,1926,0.75
2992,1926,0.75
2991,1926,0.75
2990,1926,0.75
2989,1926,0.75
2988,1926,0.75
2987,1926,0.75
2986,1924,0.75
2985,1924,0.75
2984,1924,0.75
2983,1924,0.75
2982,1924,0.75
2981,1924,0.75
2980,1923,0.75
2979,1923,0.75
2978,1923,0.75
2977,1923,0.75
2976,1923,0.75
2975,1923,0.75
2974,1923,0.75
2973,1916,0.75
2972,1916,0.75
2969,1916,0.75
2968,1916,0.75
2963,1923,0.75
2962,1922,0.75
2961,1922,0.75
2960,1922,0.75
2959,1922,0.75
2958,1922,0.75
2957,1922,0.75
2956,1922,0.75
2955,1922,0.75
2954,1600,0.75
2953,1873,0.75
2952,1873,0.75
2951,1873,0.75
2950,1873,0.75
2949,1885,0.75
2948,1885,0.75
2947,21,0.75
2946,21,0.75
2945,1864,0.75
2944,1885,0.75
2943,1913,0.75
2941,1913,0.75
2937,1866,0.75
2936,1866,0.75
2935,1866,0.75
2934,1866,0.75
2933,1866,0.75
2932,1866,0.75
2931,1865,0.75
2930,1865,0.75
2929,1865,0.75
2928,1865,0.75
2927,1865,0.75
2926,1865,0.75
2925,1873,0.75
2924,1873,0.75
2921,1873,0.75
2920,1873,0.75
2913,1873,0.75
2912,1873,0.75
2911,1873,0.75
2910,1873,0.75
2909,1873,0.75
2908,1873,0.75
2907,1911,0.75
2906,1911,0.75
2905,1911,0.75
2904,1911,0.75
2903,1911,0.75
2902,1911,0.75
2901,1911,0.75
2900,1911,0.75
2899,1887,0.75
2898,1887,0.75
2897,1850,0.75
2896,1879,0.75
2895,1879,0.75
2894,1879,0.75
2893,1879,0.75
2892,1879,0.75
2891,1879,0.75
2890,1915,0.75
2889,1915,0.75
2888,1915,0.75
2887,1915,0.75
2886,1915,0.75
2885,1915,0.75
2884,1915,0.75
2883,1915,0.75
2882,1915,0.75
2881,1915,0.75
2880,1915,0.75
2879,1915,0.75
2878,1887,0.75
2877,1887,0.75
2876,1774,0.75
2875,1654,0.75
2874,1845,0.75
2873,1845,0.75
2872,1752,0.75
2871,21,0.75
2870,1897,0.75
2869,1897,0.75
2868,1810,0.75
2867,1833,0.75
2866,1833,0.5
2865,1898,0.75
2864,1898,0.75
2863,1898,0.75
2862,1898,0.75
2861,1898,0.75
2860,1898,0.75
2859,1898,0.75
2858,1898,0.75
2857,1833,0.75
2856,1833,0.75
2855,1833,0.75
2854,1833,0.75
2853,1833,0.75
2852,1833,0.75
2851,1838,0.6
2850,1906,0.75
2849,1906,0.75
2848,1906,0.75
2847,1906,0.75
2846,1906,0.75
2845,1906,0.75
2844,1906,0.75
2843,1906,0.75
2842,21,0.75
2841,1897,0.75
2837,1897,0.75
2835,1781,0.65
2834,1781,0.65
2833,1781,0.65
2831,1878,0.75
2830,1878,0.75
2829,1878,0.75
2828,1878,0.75
2827,1878,0.75
2826,1878,0.75
2825,1912,0.75
2824,1912,0.75
2823,1912,0.75
2822,1912,0.75
2821,1887,0.75
2820,1850,0.75
2819,1905,0.75
2818,1905,0.75
2817,1905,0.75
2816,1905,0.75
2815,1905,0.75
2814,1905,0.75
2813,1905,0.75
2812,1838,0.6
2811,1887,0.75
2810,1887,0.75
2807,1850,0.75
2806,1850,0.75
2805,1850,0.75
2804,1850,0.75
2803,1850,0.75
2802,1850,0.75
2801,1850,0.75
2798,1802,0.75
2797,1802,0.75
2796,1802,0.75
2795,1802,0.75
2794,1802,0.75
2791,1781,0.65
2790,1781,0.65
2788,1850,0.75
2786,1850,0.75
2785,1850,0.75
2784,1850,0.75
2783,1850,0.75
2782,1850,0.75
2780,1850,0.75
2779,1850,0.75
2778,1850,0.75
2777,1850,0.75
2776,1850,0.75
2774,1850,0.75
2773,1850,0.75
2772,1850,0.75
2771,1850,0.75
2770,1850,0.75
2768,1850,0.75
2767,1850,0.75
2766,1850,0.75
2765,1850,0.75
2764,1729,0.75
2763,1729,0.75
2762,1855,0.75
2761,1841,0.75
2760,1841,0.75
2759,967,0.75
2758,967,0.75
2757,967,0.75
2756,1900,0.6
2755,1900,0.6
2754,1900,0.6
2753,1900,0.6
2752,1900,0.6
2751,1900,0.6
2750,1900,0.6
2749,1900,0.6
2748,1900,0.6
2747,1885,0.75
2746,1885,0.75
2745,1885,0.75
2744,1885,0.75
2743,1885,0.75
2742,1885,0.75
2741,1885,0.75
2740,1885,0.75
2739,1885,0.75
2738,1885,0.75
2737,1885,0.75
2736,1885,0.75
2735,1798,0.75
2734,1798,0.75
2733,1887,0.75
2732,1887,0.75
2731,1900,0.6
2730,1900,0.6
2729,1900,0.6
2728,1900,0.6
2727,1900,0.6
2726,1900,0.6
2725,1900,0.6
2724,1900,0.6
2723,1900,0.6
2722,1900,0.6
2721,1900,0.6
2720,1900,0.6
2719,1900,0.6
2718,1845,0.75
2717,1845,0.75
2716,1845,0.75
2715,1845,0.75
2714,1845,0.75
2713,1845,0.75
2712,1845,0.75
2711,1845,0.75
2710,1845,0.75
2709,1845,0.75
2708,1845,0.75
2707,1845,0.75
2706,1845,0.75
2705,1845,0.75
2704,1900,0.6
2703,1900,0.6
2702,1900,0.6
2701,1900,0.6
2700,1900,0.6
2699,1900,0.6
2698,1887,0.75
2697,1887,0.75
2696,1887,0.75
2695,1887,0.75
2694,1887,0.75
2693,1887,0.75
2692,1887,0.75
2691,1885,0.75
2690,1600,0.75
2689,1731,0.75
2688,1600,0.75
2687,1774,0.75
2686,1857,0.75
2685,1857,0.75
2684,1867,0.7
2683,1872,0.75
2682,1872,0.75
2681,1872,0.75
2680,1872,0.75
2679,1872,0.75
2678,1872,0.75
2677,1863,0.75
2676,1863,0.75
2675,1863,0.75
2674,1863,0.75
2673,1863,0.75
2672,1863,0.75
2671,1838,0.6
2670,1892,0.75
2669,1892,0.75
2668,1892,0.75
2667,1892,0.75
2666,1892,0.75
2665,1892,0.75
2664,1892,0.75
2663,1891,0.75
2662,1891,0.75
2661,1891,0.75
2660,1891,0.75
2659,1891,0.75
2658,1891,0.75
2657,1891,0.75
2656,1890,0.75
2655,1890,0.75
2654,1890,0.75
2653,1890,0.75
2652,1890,0.75
2651,1890,0.75
2650,1890,0.75
2649,1884,0.75
2648,1884,0.75
2647,1884,0.75
2646,1884,0.75
2645,1884,0.75
2644,1884,0.75
2643,1888,0.75
2642,1888,0.75
2641,1860,0.7
2640,1860,0.7
2639,1860,0.7
2638,1860,0.7
2637,1634,0.75
2636,1634,0.75
2635,1634,0.75
2634,1634,0.75
2633,1880,0.75
2632,1880,0.75
2631,1690,0.75
2630,1867,0.7
2629,1864,0.75
2628,1864,0.75
2627,1848,0.6
2626,1796,0.75
2625,1796,0.75
2624,1810,0.75
2623,1848,0.6
2622,1840,0.65
2621,1840,0.65
2620,1840,0.65
2619,1840,0.65
2618,1885,0.75
2617,1885,0.75
2616,1885,0.75
2615,1885,0.75
2614,1885,0.75
2613,1885,0.75
2612,1850,0.75
2611,1769,0.75
2610,1880,0.75
2609,1880,0.75
2608,1880,0.75
2607,1880,0.75
2606,1880,0.75
2605,1774,0.75
2604,1604,0.5
2603,1604,0.5
2602,1604,0.5
2601,1604,0.5
2600,1798,0.75
2599,1798,0.75
2598,1803,0.75
2597,1701,0.75
2596,1701,0.75
2595,1690,0.75
2594,1690,0.75
2593,1853,0.75
2592,1853,0.75
2591,1853,0.75
2590,1853,0.75
2589,1848,0.6
2588,1848,0.6
2587,1848,0.6
2586,1848,0.6
2585,1848,0.6
2584,1848,0.6
2583,1865,0.75
2582,1865,0.75
2581,1865,0.75
2580,1865,0.75
2579,1865,0.75
2578,1865,0.75
2577,1853,0.75
2576,1775,0.75
2575,1775,0.75
2574,1782,0.55
2573,1782,0.55
2572,1874,0.75
2571,1874,0.75
2570,1874,0.75
2569,1874,0.75
2568,1874,0.75
2567,1874,0.75
2566,1739,0.75
2565,1739,0.75
2564,1864,0.75
2563,1864,0.75
2562,1774,0.75
2561,1793,0.75
2560,1793,0.75
2559,1842,0.75
2558,1842,0.75
2557,1600,0.75
2556,1600,0.75
2555,1855,0.75
2554,1855,0.75
2553,1855,0.75
2552,1855,0.75
2551,1855,0.75
2550,1855,0.75
2549,1870,0.75
2548,1870,0.75
2547,1870,0.75
2546,1870,0.75
2545,1870,0.75
2544,1870,0.75
2543,1870,0.75
2542,1870,0.75
2541,1853,0.75
2540,1853,0.75
2539,1557,0.65
2538,1557,0.65
2537,1690,0.75
2536,1557,0.65
2535,1557,0.65
2534,1867,0.7
2533,1867,0.7
2532,1867,0.7
2531,1867,0.7
2530,1867,0.7
2529,1867,0.7
2528,1840,0.65
2527,1857,0.75
2526,1857,0.75
2525,1857,0.75
2524,1857,0.75
2523,1857,0.75
2522,1857,0.75
2521,1866,0.75
2520,1866,0.75
2519,1866,0.75
2518,1866,0.75
2517,1866,0.75
2516,1866,0.75
2515,1850,0.75
2514,1850,0.75
2513,1850,0.75
2512,1641,0.75
2511,1774,0.75
2510,1774,0.75
2509,1774,0.75
2508,1853,0.75
2507,1853,0.75
2506,1853,0.75
2505,1853,0.75
2504,1853,0.75
2503,1864,0.75
2502,1864,0.75
2501,1864,0.75
2500,1864,0.75
2499,1838,0.6
2498,1838,0.6
2497,1838,0.6
2496,1838,0.6
2495,1838,0.6
2494,21,0.75
2493,1654,0.75
2492,1850,0.75
2491,1750,0.01
2490,1654,0.75
2489,1654,0.75
2488,1865,0.75
2487,1865,0.75
2486,1850,0.75
2485,1850,0.75
2484,1850,0.75
2483,1803,0.75
2482,1803,0.75
2481,1803,0.75
2480,1803,0.75
2479,1850,0.75
2478,1858,0.75
2477,1858,0.75
2476,1858,0.75
2475,1858,0.75
2474,1774,0.75
2473,1774,0.75
2472,1774,0.75
2471,1774,0.75
2470,1774,0.75
2469,1774,0.75
2468,1774,0.75
2467,1774,0.75
2466,1774,0.75
2465,1774,0.75
2464,1841,0.75
2463,1841,0.75
2462,1841,0.75
2461,1841,0.75
2460,1841,0.75
2459,1841,0.75
2458,1841,0.75
2457,1841,0.75
2456,1868,0.75
2455,1868,0.75
2454,1840,0.65
2453,1840,0.65
2452,1840,0.65
2451,1840,0.65
2450,1840,0.65
2449,1775,0.75
2448,1847,0.75
2447,1826,0.75
2446,1826,0.75
2445,1826,0.75
2444,1826,0.75
2443,1842,0.75
2442,1842,0.75
2441,1842,0.75
2440,1842,0.75
2439,1806,0.75
2438,1806,0.75
2437,1806,0.75
2436,1806,0.75
2435,1806,0.75
2434,1847,0.75
2433,1847,0.75
2432,1847,0.75
2431,1847,0.75
2430,1847,0.75
2429,1847,0.75
2428,1847,0.75
2427,1847,0.75
2426,1847,0.75
2425,1654,0.75
2424,1654,0.75
2423,1654,0.75
2422,1654,0.75
2421,1690,0.75
2420,1690,0.75
2419,1690,0.75
2418,1845,0.75
2417,1845,0.75
2416,1845,0.75
2415,1848,0.6
2414,1848,0.6
2413,1848,0.6
2412,1848,0.6
2411,1848,0.6
2410,1848,0.6
2409,1848,0.6
2408,1848,0.6
2407,1848,0.6
2406,1848,0.6
2405,1848,0.6
2404,1848,0.6
2403,1848,0.6
2402,1848,0.6
2401,1750,0.01
2400,1782,0.55
2399,1782,0.55
2398,1810,0.75
2397,1347,0.75
2396,1810,0.75
2395,21,0.75
2394,1845,0.75
2393,1845,0.75
2392,1617,0.75
2391,1774,0.75
2389,1751,0.75
2388,1751,0.75
2387,1751,0.75
2386,1751,0.75
2385,1751,0.75
2384,1751,0.75
2383,1750,0.01
2382,1811,0.75
2381,1823,0.5
2380,1823,0.5
2379,1801,0.75
2378,1795,0.75
2377,1845,0.75
2376,1845,0.75
2375,1729,0.75
2374,1801,0.75
2373,1811,0.75
2372,1811,0.75
2371,1811,0.75
2370,1811,0.75
2369,1811,0.75
2368,1811,0.75
2367,1823,0.5
2366,1823,0.5
2365,1810,0.75
2364,1820,0.1
2363,1820,0.1
2362,1820,0.1
2361,1725,0.75
2360,1809,0.75
2359,1809,0.75
2358,1809,0.75
2357,1823,0.5
2356,1581,0.75
2355,1581,0.75
2354,1769,0.75
2353,1823,0.5
2352,1782,0.55
2351,1823,0.5
2350,1823,0.5
2349,1820,0.1
2348,1820,0.1
2347,1820,0.1
2346,1725,0.75
2345,1834,0.75
2344,1834,0.75
2343,1834,0.75
2342,1834,0.75
2341,1617,0.75
2340,1814,0.75
2339,1347,0.75
2338,1814,0.75
2337,1617,0.75
2336,1581,0.75
2335,1733,0.75
2334,1733,0.75
2333,1814,0.75
2332,1581,0.75
2331,1820,0.1
2330,1820,0.1
2329,1820,0.1
2328,1820,0.1
2327,1739,0.75
2326,1777,0.75
2325,1796,0.75
2324,1780,0.75
2323,1780,0.75
2322,1821,0.75
2321,1821,0.75
2320,1821,0.75
2319,1821,0.75
2318,1821,0.75
2317,1819,0.75
2316,1819,0.75
2315,1819,0.75
2314,1819,0.75
2313,1819,0.75
2312,1819,0.75
2311,1773,0.75
2310,1773,0.75
2309,1773,0.75
2308,1780,0.75
2307,1835,0.75
2306,1835,0.75
2305,1835,0.75
2304,1733,0.75
2303,1733,0.75
2302,1733,0.75
2301,1630,0.9
2300,1630,0.9
2299,1678,0.75
2298,1678,0.75
2297,1827,0.75
2296,1360,0.75
2295,1360,0.75
2294,1360,0.75
2293,1733,0.75
2292,1733,0.75
2291,1774,0.75
2290,1725,0.75
2289,1795,0.75
2288,1774,0.75
2287,1819,0.75
2286,1729,0.75
2285,1729,0.75
2284,1774,0.5
2283,1774,0.75
2282,1557,0.65
2281,1798,0.75
2280,1774,0.75
2279,1774,0.75
2278,1798,0.75
2277,1798,0.75
2276,1798,0.75
2275,1810,0.75
2274,1641,0.75
2273,1769,0.75
2272,1690,0.75
2271,1641,0.75
2270,1796,0.75
2269,1799,0.75
2268,1641,0.75
2267,1796,0.75
2266,1693,0.75
2265,1693,0.75
2264,1814,0.75
2263,1557,0.65
2262,1814,0.75
2261,1814,0.75
2260,1538,0.75
2259,1557,0.65
2258,1752,0.75
2257,1538,0.75
2256,1823,0.5
2255,1725,0.75
2254,1725,0.75
2253,1725,0.75
2252,1725,0.75
2251,1809,0.75
2250,1815,0.75
2249,1815,0.75
2248,1809,0.75
2247,1815,0.75
2246,1809,0.75
2245,1360,0.75
2244,1809,0.75
2243,1799,0.75
2242,1750,0.01
2241,1809,0.75
2240,1809,0.75
2239,1809,0.75
2238,1809,0.75
2236,1810,0.75
2234,1810,0.75
2233,1750,0.01
2232,1347,0.75
2231,1788,0.75
2230,1731,0.75
2229,1793,0.75
2228,1793,0.75
2227,1799,0.75
2226,1801,0.75
2225,1757,0.75
2224,1757,0.75
2223,1813,0.75
2222,1757,0.75
2221,1731,0.75
2220,1585,0.75
2219,1585,0.75
2218,1750,0.01
2217,1750,0.01
2216,1801,0.75
2215,1801,0.75
2214,1801,0.75
2213,1804,0.75
2212,1804,0.75
2211,1804,0.75
2210,1804,0.75
2209,1769,0.75
2208,1804,0.75
2207,1804,0.75
2206,1804,0.75
2205,1804,0.75
2204,1804,0.75
2203,1804,0.75
2202,1804,0.75
2201,1804,0.75
2200,1804,0.75
2199,1804,0.75
2198,1804,0.75
2197,1804,0.75
2196,1804,0.75
2195,1804,0.75
2194,1804,0.75
2193,1804,0.75
2192,1791,0.75
2191,1791,0.75
2190,1791,0.75
2189,1750,0.01
2188,1799,0.75
2187,1799,0.75
2186,1799,0.75
2185,1801,0.75
2184,1801,0.75
2183,1799,0.75
2182,1796,0.75
2181,1796,0.75
2180,1796,0.75
2179,1796,0.75
2178,1796,0.75
2177,1796,0.75
2176,1557,0.65
2175,21,0.75
2174,1557,0.65
2173,1557,0.65
2172,1557,0.65
2171,1750,0.01
2170,1750,0.01
2169,1750,0.01
2168,1729,0.75
2167,1729,0.75
2166,1793,0.75
2165,1749,0.75
2164,1795,0.75
2163,1790,0.75
2162,1729,0.75
2161,1729,0.75
2160,1729,0.75
2159,1729,0.75
2158,1729,0.75
2157,1729,0.75
2156,1729,0.75
2155,1729,0.75
2154,1729,0.75
2153,1729,0.75
2152,1769,0.75
2151,1769,0.75
2150,1769,0.75
2149,1769,0.75
2148,1769,0.75
2147,1788,0.75
2146,1604,0.5
2145,1793,0.75
2144,1788,0.75
2143,1788,0.75
2142,1788,0.75
2141,1788,0.75
2140,1790,0.75
2139,1790,0.75
2138,1790,0.75
2137,1790,0.75
2136,1790,0.75
2135,1754,0.75
2134,1754,0.75
2133,1754,0.75
2132,1754,0.75
2131,1754,0.75
2130,1749,0.75
2129,1795,0.75
2128,1750,0.01
2127,1707,0.75
2126,1707,0.75
2125,1707,0.75
2124,1707,0.75
2123,1749,0.75
2122,1604,0.5
2121,1750,0.01
2120,1707,0.75
2119,1707,0.75
2118,1750,0.01
2117,1750,0.01
2116,1750,0.01
2115,1739,0.75
2114,1750,0.01
2113,1786,0.75
2112,1786,0.75
2111,1581,0.75
2110,1581,0.75
2109,1793,0.75
2106,1786,0.75
2105,1786,0.75
2104,1786,0.75
2103,1786,0.75
2102,1786,0.75
2101,1786,0.75
2100,1786,0.75
2099,1707,0.75
2098,1707,0.75
2097,1750,0.01
2096,1762,0.75
2095,1762,0.75
2094,1762,0.75
2093,1581,0.75
2092,1649,0.75
2091,1782,0.55
2090,1782,0.55
2089,1785,0.75
2088,1785,0.75
2087,1785,0.75
2086,1785,0.75
2085,1785,0.75
2084,1785,0.75
2083,1604,0.5
2082,1782,0.55
2081,1782,0.55
2080,1782,0.55
2079,1782,0.55
2078,1782,0.55
2077,1782,0.55
2076,1782,0.55
2075,1782,0.55
2074,1787,0.75
2073,1745,0.75
2072,21,0.75
2071,1604,0.5
2070,1641,0.75
2069,1604,0.5
2068,1749,0.75
2067,1678,0.75
2066,1678,0.75
2065,1251,0.75
2064,1751,0.75
2063,1771,0.75
2062,1771,0.75
2061,1751,0.75
2060,1751,0.75
2059,1751,0.75
2058,1771,0.75
2057,1762,0.75
2056,1775,0.5
2055,1775,0.5
2054,1751,0.75
2053,1761,10.0
2052,1761,10.0
2051,1781,0.65
2050,1781,0.65
2049,1775,0.75
2048,1777,0.75
2047,1777,0.75
2046,1754,0.75
2045,1754,0.75
2044,1754,0.75
2043,1754,0.75
2042,1754,0.75
2041,1754,0.75
2040,1754,0.75
2039,1754,0.75
2038,1754,0.75
2037,1754,0.75
2036,1754,0.75
2035,1754,0.75
2034,1754,0.75
2033,1754,0.75
2032,1754,0.75
2031,1754,0.75
2030,1754,0.75
2029,1754,0.75
2028,1754,0.75
2027,1754,0.75
2026,1754,0.75
2025,1754,0.75
2024,1771,0.75
2023,1772,0.75
2022,1772,0.75
2021,1772,0.75
2020,1780,0.75
2019,1780,0.75
2018,1780,0.75
2017,1780,0.75
2016,1780,0.75
2015,1780,0.75
2014,1773,0.75
2013,1704,0.75
2012,1704,0.75
2011,1704,0.75
2010,1777,0.75
2009,1777,0.75
2008,1759,0.8
2007,1759,0.8
2006,1759,0.8
2005,1759,0.8
2004,1759,0.8
2003,1759,0.8
2002,1778,0.75
2001,1759,0.8
2000,1557,0.65
1999,1557,0.65
1998,1557,0.65
1997,1557,0.65
1996,1557,0.65
1995,1557,0.65
1994,1557,0.65
1993,1557,0.65
1992,1757,0.75
1991,1757,0.75
1990,1757,0.75
1989,1757,0.75
1988,1775,0.75
1987,1762,0.75
1986,1693,0.75
1985,1649,0.75
1984,1773,0.75
1983,1767,0.75
1982,1767,0.75
1981,1767,0.75
1980,1772,0.75
1979,1767,0.75
1978,1742,0.75
1977,1761,10.0
1976,1761,10.0
1975,1761,10.0
1974,1761,10.0
1973,1761,10.0
1972,1771,0.75
1971,1771,0.75
1970,1771,0.75
1969,1767,0.75
1968,1538,0.75
1967,1538,0.75
1966,1770,0.75
1965,1752,0.75
1964,1742,0.75
1963,1764,0.75
1962,1764,0.75
1961,1764,0.75
1960,1764,0.75
1959,1764,0.75
1958,1764,0.75
1957,1757,0.75
1956,1757,0.75
1955,1757,0.75
1954,1757,0.75
1953,1760,0.75
1952,1751,0.75
1951,1751,0.75
1950,1751,0.75
1949,1751,0.75
1948,1760,0.75
1947,1760,0.75
1946,1760,0.75
1945,1760,0.75
1944,1751,0.75
1943,1760,0.75
1940,1760,0.75
1939,1751,0.75
1938,1751,0.75
1937,1751,0.75
1936,1751,0.75
1935,1751,0.75
1934,1751,0.75
1933,1751,0.75
1932,1751,0.75
1931,1751,0.75
1930,1751,0.75
1929,1751,0.75
1928,1751,0.75
1927,1751,0.75
1926,1751,0.75
1925,1751,0.75
1924,1751,0.75
1923,1751,0.75
1922,1751,0.75
1921,1751,0.75
1920,1751,0.75
1919,1557,0.65
1918,1557,0.65
1917,1557,0.65
1916,1557,0.65
1915,1557,0.65
1914,1763,0.75
1913,1750,0.01
1912,1750,0.01
1911,1763,0.75
1910,1763,0.75
1909,1763,0.75
1908,1754,0.75
1907,1763,0.75
1906,1581,0.75
1905,1751,0.75
1904,1587,0.75
1903,1738,0.75
1902,1738,0.75
1901,1755,0.75
1900,1755,0.75
1899,1251,0.75
1898,1251,0.75
1897,1755,0.75
1896,1755,0.75
1895,1755,0.75
1894,1755,0.75
1893,1649,0.75
1892,1754,0.75
1891,1754,0.75
1890,1754,0.75
1889,21,0.75
1888,1653,0.75
1887,1653,0.75
1886,1653,0.75
1885,1653,0.75
1882,1754,0.75
1881,1754,0.75
1880,1754,0.75
1879,1754,0.75
1878,1754,0.75
1877,1754,0.75
1864,1557,0.65
1863,1557,0.65
1862,1557,0.65
1861,1750,0.01
1860,1557,0.65
1859,1557,0.65
1858,1557,0.65
1857,1750,0.01
1856,1557,0.65
1855,1750,0.01
1854,1750,0.01
1853,1750,0.01
1852,1738,0.75
1851,1738,0.75
1850,1557,0.65
1849,1750,0.01
1843,1729,0.75
1839,1745,0.75
1838,1693,0.75
1837,1693,0.75
1836,1557,0.65
1835,1557,0.65
1834,1557,0.65
1833,1557,0.65
1832,1557,0.65
1831,1557,0.65
1830,1557,0.65
1829,1557,0.65
1828,1557,0.65
1827,1557,0.65
1826,1557,0.65
1825,1557,0.65
1824,1557,0.65
1823,1557,0.65
1822,1557,0.65
1821,1557,0.65
1820,1750,0.01
1819,1693,0.75
1818,1753,150.0
1817,1742,0.75
1816,1742,0.75
1815,1742,0.75
1814,1742,0.75
1813,1742,0.75
1812,1742,0.75
1811,1693,0.75
1810,1752,0.75
1809,1752,0.75
1808,1752,0.75
1807,1752,0.75
1806,1728,0.75
1805,1728,0.75
1804,1728,0.75
1803,1728,0.75
1802,1728,0.75
1801,1728,0.75
1800,1617,0.75
1799,1728,0.75
1798,1728,0.75
1797,1728,0.75
1796,1750,0.01
1795,1749,0.75
1794,1749,0.75
1793,1749,0.75
1792,1726,0.75
1791,1742,0.75
1790,1744,0.75
1789,1749,0.75
1788,1743,10.0
1787,1743,10.0
1786,1743,10.0
1785,1748,0.75
1784,1746,0.75
1783,1731,0.75
1782,1615,0.75
1781,1726,0.75
1780,1608,0.75
1779,1734,0.75
1778,1745,0.75
1777,1745,0.75
1776,1745,0.75
1775,1734,0.75
1774,1734,0.75
1773,1734,0.75
1772,1734,0.75
1771,1734,0.75
1770,1734,0.75
1755,1741,0.75
1754,1741,0.75
1753,1739,0.75
1752,1739,0.75
1751,1739,0.75
1750,1557,0.65
1749,1557,0.65
1748,1557,0.65
1747,1557,0.65
1746,1557,0.65
1745,1557,0.65
1744,1557,0.65
1743,1734,0.75
1742,1734,0.75
1741,1734,0.75
1740,1734,0.75
1739,1734,0.75
1738,1734,0.75
1737,1734,0.75
1736,1734,0.75
1735,1734,0.75
1734,1734,0.75
1733,1734,0.75
1732,1734,0.75
1731,1734,0.75
1730,1734,0.75
1729,1604,0.5
1728,1649,0.75
1727,1728,0.65
1726,1728,0.65
1725,1728,0.65
1724,1728,0.65
1723,1728,0.65
1722,1728,0.65
1721,1728,0.65
1720,1720,0.75
1719,1729,0.75
1718,1724,10.0
1717,1731,0.75
1716,1732,0.75
1715,1557,0.65
1714,1557,0.65
1713,1557,0.65
1712,1557,0.65
1711,1732,0.65
1710,1732,0.65
1709,1557,0.65
1708,1608,0.75
1707,1608,0.75
1706,1732,0.7
1705,1732,0.65
1704,1608,0.75
1692,1360,0.75
1691,1690,0.75
1690,1690,0.75
1689,1690,0.75
1688,1690,0.75
1687,1726,0.75
1686,1726,0.75
1685,1726,0.75
1684,1726,0.75
1683,1726,0.75
1682,1726,0.75
1681,1691,0.75
1680,1726,0.75
1679,1724,10.0
1678,1726,0.75
1677,1571,0.75
1676,1571,0.75
1675,1571,0.75
1674,1571,0.75
1673,1729,0.75
1671,1729,0.68
1669,1697,0.75
1668,1730,0.75
1667,1677,0.75
1666,1317,0.65
1665,21,0.75
1664,1708,10.0
1663,1704,0.68
1662,1704,0.75
1661,1704,0.68
1660,1704,0.75
1659,1727,10.0
1658,1727,10.0
1657,1727,10.0
1656,1727,10.0
1655,1727,10.0
1654,1727,10.0
1653,1727,10.0
1652,1727,10.0
1651,1557,0.65
1650,1557,0.65
1649,1726,0.75
1648,1726,0.75
1647,1726,0.75
1646,1726,0.75
1645,1722,0.75
1644,1721,0.75
1643,1721,0.75
1642,1721,0.75
1641,1721,0.75
1640,1720,0.75
1639,1720,0.75
1638,1720,0.75
1637,1720,0.7
1636,1693,0.75
1635,1693,0.75
1634,1722,0.75
1633,1722,0.75
1632,1701,0.75
1631,1701,0.75
1630,1701,0.75
1629,1693,0.75
1628,1693,0.75
1627,1689,0.75
1626,1689,0.75
1625,1689,0.75
1624,1689,0.65
1623,1704,0.75
1622,1704,0.65
1621,1704,0.75
1620,1704,0.75
1619,1704,0.75
1618,1691,0.75
1617,1251,0.68
1616,1701,0.75
1615,1317,0.75
1614,1317,0.7
1613,1649,0.75
1612,1708,10.0
1611,1317,0.75
1610,1317,0.65
1609,1715,0.75
1608,1618,0.75
1607,1656,0.75
1606,1656,0.75
1605,1656,0.75
1604,1656,0.75
1603,1712,0.75
1602,1618,0.75
1601,1702,0.75
1600,1702,0.75
1599,1702,0.75
1598,1645,0.75
1597,1704,0.75
1596,1704,0.75
1595,1704,0.75
1594,1704,0.75
1593,1704,0.75
1592,1704,0.75
1591,1618,0.75
1590,1638,0.75
1589,1638,0.75
1588,1704,0.75
1587,1704,0.75
1586,1704,0.75
1585,1704,0.75
1584,1691,0.68
1583,1691,0.7
1582,1691,0.75
1581,1691,0.75
1580,1697,0.75
1579,1697,0.75
1578,1697,0.75
1577,1697,0.7
1576,1370,0.75
1575,1370,0.75
1574,1370,0.75
1573,1370,0.75
1572,1557,0.65
1571,1700,0.65
1570,1700,0.75
1569,1700,0.65
1568,21,0.75
1567,1700,0.65
1566,1694,0.65
1565,1694,0.7
1564,1694,0.75
1563,1694,0.65
1562,1690,0.75
1561,1690,0.75
1560,1690,0.75
1559,1696,0.75
1558,1696,0.75
1557,1690,0.75
1556,1690,0.75
1555,1347,0.75
1554,1678,0.75
1553,1678,0.75
1552,1678,0.75
1551,1618,0.75
1550,1618,0.75
1549,1251,0.75
1548,1686,0.75
1547,1578,0.75
1546,1578,0.75
1545,1578,0.75
1544,1667,0.75
1543,1557,0.65
1542,1638,0.75
1541,1638,0.75
1540,1638,0.75
1539,1638,0.75
1538,1638,0.75
1537,1638,0.75
1536,1638,0.75
1535,1638,0.75
1534,1638,0.75
1533,1549,0.75
1532,1549,0.75
1531,1581,0.75
1530,1664,0.75
1529,1645,0.75
1528,1686,0.7
1527,1686,0.7
1526,1681,0.75
1525,1681,0.75
1524,1666,0.7
1523,1666,0.7
1522,1666,0.75
1521,1666,0.68
1519,1667,0.75
1518,1684,0.75
1517,1684,0.75
1516,1684,0.75
1515,1684,0.75
1514,1684,0.75
1513,1684,0.75
1512,1684,0.75
1511,1684,0.75
1510,1684,0.75
1509,1674,0.75
1508,1674,0.75
1507,1674,0.75
1506,1674,0.75
1505,1638,0.8
1504,1561,0.75
1503,1641,0.75
1502,1617,0.75
1501,1677,0.75
1500,1641,0.75
1499,1638,0.75
1498,1686,0.7
1497,1686,0.7
1496,1675,0.75
1495,1675,0.75
1494,1677,0.7
1493,1677,0.65
1492,1685,0.75
1491,1685,0.75
1490,1684,0.75
1489,1684,0.75
1488,1634,0.75
1487,1634,0.75
1486,1677,0.7
1485,1677,0.7
1484,1251,0.75
1483,1630,0.9
1482,1678,0.75
1481,1678,0.75
1480,1630,0.9
1479,1630,0.9
1478,1630,0.9
1477,1630,0.9
1476,1571,0.75
1475,1665,0.75
1474,1652,0.75
1473,1557,0.65
1472,1557,0.65
1471,1557,0.65
1470,1235,0.75
1469,1235,0.8
1468,1557,0.65
1467,1557,0.65
1466,1644,0.75
1465,1667,0.75
1464,1235,0.5
1463,1667,0.75
1462,1667,0.75
1461,1667,0.75
1460,1667,0.75
1459,1571,0.75
1458,1645,0.75
1457,1645,0.75
1456,1645,0.75
1455,1587,0.75
1454,1587,0.75
1453,1671,0.75
1452,1671,0.75
1451,1671,0.75
1450,1671,0.75
1449,1659,0.75
1448,1659,0.75
1447,1659,0.75
1446,1659,0.75
1445,1673,0.75
1444,1673,0.75
1443,1670,0.75
1442,1670,0.75
1441,1670,0.75
1440,1670,0.75
1439,1656,0.7
1438,1656,0.75
1437,1656,0.7
1436,1656,0.7
1435,1664,0.75
1434,1664,0.75
1433,1656,0.68
1432,1656,0.68
1431,1627,0.75
1430,1627,0.75
1429,1656,0.75
1428,1638,0.75
1427,1663,0.75
1426,1663,0.75
1425,1663,0.75
1424,1663,0.75
1423,1665,0.75
1422,1665,0.75
1421,1665,0.75
1420,1665,0.75
1419,1664,0.75
1418,1664,0.75
1417,1656,0.75
1416,1656,0.75
1415,1656,0.75
1414,1656,0.75
1413,1641,0.75
1412,1641,0.75
1411,1641,0.75
1410,1641,0.75
1409,1662,0.75
1408,1662,0.75
1407,1658,0.75
1406,1658,0.75
1405,1629,0.75
1404,1652,0.7
1403,1652,0.7
1402,1649,0.72
1401,1649,0.75
1400,1649,0.75
1399,1649,0.75
1398,1644,0.75
1397,1644,0.75
1396,1650,0.55
1395,1650,0.55
1394,1534,0.75
1393,1534,0.75
1392,1534,0.75
1391,1534,0.75
1386,1557,0.65
1385,21,0.75
1384,21,0.75
1383,254,0.75
1382,1655,4.5
1381,895,0.5
1380,1652,0.7
1379,1652,0.7
1378,1628,0.7
1377,1651,4.5
1376,1538,0.75
1375,1604,0.5
1374,1587,0.75
1373,1650,0.55
1372,1650,0.55
1371,1650,0.55
1370,1650,0.55
1369,1650,0.55
1368,1650,0.55
1367,1650,0.55
1366,1650,0.55
1365,1638,0.65
1364,1571,0.75
1363,1615,0.67
1362,1648,0.75
1361,1347,0.75
1360,1627,0.75
1359,1627,0.75
1358,1600,0.75
1357,1648,0.75
1356,1648,0.75
1355,1648,0.75
1354,1648,0.75
1353,1648,0.75
1352,1639,0.75
1351,1604,0.5
1350,1639,0.75
1349,1639,0.75
1348,1639,0.75
1347,1638,0.65
1346,1638,0.65
1345,1638,0.65
1344,1638,0.65
1343,1646,0.75
1342,1646,0.75
1341,1647,4.5
1340,1644,0.75
1339,1644,0.75
1338,1645,0.75
1337,1645,0.75
1336,1621,0.6
1335,1621,0.6
1334,1072,0.75
1333,1072,0.75
1332,1621,0.6
1331,1621,0.6
1330,1637,0.75
1329,1637,0.75
1328,1643,0.75
1327,1643,0.75
1326,1072,0.75
1325,1640,10.0
1324,1640,10.0
1323,1640,10.0
1322,1629,0.65
1321,1629,0.65
1320,1629,0.65
1319,1639,0.75
1318,1639,0.75
1317,1639,0.75
1316,1617,0.75
1315,1617,0.75
1314,1629,0.65
1313,1629,0.65
1312,1631,0.75
1311,1631,0.75
1310,1621,0.6
1309,1621,0.6
1308,1600,0.75
1307,1600,0.75
1306,1634,0.75
1305,1635,0.75
1304,1634,0.75
1303,1635,0.75
1302,1634,0.75
1301,1634,0.75
1300,1634,0.75
1299,1635,0.75
1298,1635,0.75
1297,1617,0.75
1296,1617,0.75
1295,1617,0.75
1294,1625,0.75
1293,1625,0.75
1292,1625,0.75
1291,1632,0.75
1290,1632,0.75
1289,1628,0.7
1288,1625,0.75
1287,1624,0.75
1286,1624,0.75
1285,1624,0.75
1284,1624,0.75
1283,1628,0.7
1282,1628,0.7
1281,1628,0.7
1280,1628,0.7
1279,1628,0.7
1278,1625,0.75
1277,1625,0.75
1276,1625,0.75
1275,1625,0.75
1274,1615,0.67
1273,1615,0.67
1272,1615,0.67
1271,1615,0.67
1270,1584,0.75
1269,1611,0.5
1268,1611,0.5
1267,1626,
1266,1626,
1265,1604,0.5
1264,1602,0.75
1263,1620,
1262,1620,
1261,1623,
1260,1623,
1259,1612,
1258,1612,
1257,1619,4.5
1256,1616,
1255,1616,
1254,1611,0.5
1253,1611,0.5
1252,1606,
1251,1606,
1250,1604,0.5
1249,1604,0.5
1248,1312,0.75
1247,1610,
1246,1610,
1245,1609,
1244,1609,
1243,1604,0.5
1242,1608,0.75
1241,1608,0.75
1240,1604,0.5
1239,1591,0.75
1238,1591,0.75
1237,1591,0.75
1236,1591,0.75
1235,1591,0.75
1234,1604,0.5
1233,1607,
1232,1607,
1231,1605,
1230,1605,
1229,1606,
1228,1606,
1227,1312,0.75
1226,1603,
1225,1556,0.75
1224,1556,0.75
1223,1556,0.75
1222,1602,0.75
1221,1602,0.75
1220,1602,0.75
1219,1602,0.75
1218,1587,0.75
1217,1601,0.75
1216,1601,0.75
1215,1600,0.75
1214,1600,0.75
1213,1598,
1212,1598,
1211,1596,0.75
1210,1596,0.75
1209,1590,0.75
1208,1590,0.75
1207,1596,0.75
1206,1596,0.75
1205,1593,0.75
1204,1595,4.5
1203,1594,
1202,1594,
1201,950,
1200,1593,0.75
1199,1593,0.75
1198,1593,0.75
1197,1557,0.65
1196,1557,0.65
1195,1557,0.65
1194,1588,0.75
1193,1588,0.75
1192,1588,0.75
1191,1587,0.75
1190,1587,0.75
1189,1587,0.75
1188,1587,0.75
1187,1587,0.75
1186,1251,0.6
1185,1557,0.65
1184,1557,0.65
1183,1592,
1182,21,0.75
1181,1571,0.65
1180,1573,0.75
1179,1573,0.75
1178,1573,0.75
1177,1573,0.75
1176,1572,
1175,1572,
1174,1572,
1173,1581,0.75
1172,1581,0.75
1171,1581,0.75
1170,1555,0.75
1169,1555,0.75
1168,1555,0.75
1167,1185,
1166,1185,
1165,1185,
1164,1185,
1163,1590,0.75
1162,1590,0.75
1161,21,0.75
1160,1235,0.5
1159,1185,
1158,1185,
1157,1571,0.65
1156,21,0.75
1155,1580,0.75
1154,1586,0.75
1153,1586,0.75
1152,1586,0.75
1151,1584,0.75
1150,1584,0.75
1149,1584,0.75
1148,1584,0.75
1147,1327,0.75
1146,1327,0.75
1145,1589,
1144,1185,
1143,1562,0.75
1142,1575,0.75
1141,1575,0.75
1140,1327,0.75
1139,1327,
1138,1586,0.75
1137,1586,0.75
1136,1185,
1135,1185,
1134,1185,
1133,1185,
1132,1561,0.75
1131,1588,0.75
1130,1588,0.75
1129,1575,0.75
1128,1575,0.75
1127,787,
1126,1578,0.7
1125,1578,0.65
1124,1580,0.75
1123,1580,0.75
1122,916,0.75
1121,916,0.75
1120,1585,0.75
1119,1585,0.75
1118,1585,0.75
1117,1585,0.75
1116,1185,
1115,1185,
1114,1581,0.75
1113,1581,0.75
1112,1580,0.75
1111,1580,0.75
1110,1572,
1109,1572,
1108,1578,0.7
1107,1578,0.65
1106,1578,0.7
1105,1578,0.65
1104,1583,4.5
1103,1567,0.75
1102,1567,0.75
1101,1567,0.75
1100,1567,0.75
1099,1567,0.75
1098,1185,
1097,1545,0.75
1096,1545,0.75
1095,1545,0.75
1094,1545,0.75
1093,1571,0.65
1092,1571,0.65
1091,1571,0.65
1090,1570,
1089,1570,
1088,1576,
1087,1576,
1086,1185,
1085,1185,
1084,1562,0.75
1083,1185,
1082,1571,0.65
1081,1571,0.65
1080,905,
1079,1557,0.65
1078,1498,0.75
1077,1498,0.75
1076,1498,0.75
1075,1185,
1074,1562,0.75
1073,21,0.75
1072,1569,4.5
1071,1257,0.75
1070,1257,0.75
1069,1257,0.75
1068,1257,0.75
1067,1257,0.75
1066,1257,0.75
1065,1257,0.75
1064,1257,0.75
1063,1257,0.75
1062,1257,0.75
1061,1257,0.75
1060,947,
1059,1560,0.75
1058,1185,
1057,1498,0.75
1056,1498,0.75
1055,1567,0.75
1054,1567,0.75
1053,1567,0.75
1052,1490,0.75
1051,1498,0.75
1050,1561,0.75
1049,1561,0.75
1048,1257,0.75
1047,1257,0.75
1046,1257,0.75
1045,1257,0.75
1044,1257,0.75
1043,1257,0.75
1042,1257,0.75
1041,1257,0.75
1040,1257,0.75
1039,1257,0.75
1038,1257,0.75
1037,1257,0.75
1036,1185,
1035,1185,
1034,1151,0.75
1033,1151,0.75
1032,1257,0.75
1031,1257,0.75
1030,1257,0.75
1029,1257,0.75
1028,1257,0.75
1027,1550,
1026,1550,
1025,1185,
1024,1185,
1023,1185,
1022,714,0.75
1021,1557,0.65
1020,1557,0.65
1019,1562,0.75
1018,1510,0.75
1017,1509,0.75
1016,1510,0.75
1015,1510,0.75
1014,1509,0.75
1013,1509,0.75
1012,1185,
1011,1520,0.75
1010,1520,0.75
1009,1519,0.75
1008,1519,0.75
1007,1518,0.75
1006,1518,0.75
1005,1517,0.75
1004,1517,0.75
1003,1516,0.75
1002,1516,0.75
1001,1514,0.75
1000,1514,0.75
999,1515,0.75
998,1515,0.75
997,1540,
996,1185,
995,1185,
994,1555,0.75
993,1560,0.75
992,1561,0.75
991,1561,0.75
990,1498,0.75
989,1498,0.75
988,1498,0.75
987,1185,
986,1185,
985,1557,0.65
984,1557,0.65
983,1560,0.75
982,1560,0.75
981,21,0.75
980,21,0.75
979,21,0.75
978,21,0.75
977,21,0.75
976,1556,0.75
975,1556,0.75
974,1498,0.75
973,1498,0.75
972,1347,0.75
971,1538,0.75
970,1538,0.75
969,1538,0.75
968,1498,0.75
967,1498,0.75
965,1301,0.75
964,1495,0.75
963,1529,0.75
962,1537,0.75
961,1546,0.75
960,1185,
959,1185,
958,1185,
957,1544,0.75
956,1549,
955,1538,0.75
954,1538,0.75
953,1538,0.75
952,1185,
951,1546,0.75
950,1345,0.75
949,1345,0.75
948,1492,0.75
947,1492,0.75
946,1346,0.75
945,1346,0.75
944,1291,0.75
943,1291,0.75
942,1544,0.75
941,1544,0.75
939,1536,4.5
940,1185,
938,1495,0.75
937,1537,0.75
936,1537,0.75
935,895,0.5
934,1185,
933,1185,
932,1185,
931,895,0.5
930,1540,
929,1540,
928,948,0.75
927,1371,0.75
926,1538,0.75
925,1538,0.75
924,1371,0.75
923,1350,0.75
922,1371,0.75
921,1430,0.75
919,1369,0.75
918,1520,0.75
917,1520,0.75
916,1519,0.75
915,1519,0.75
914,1518,0.75
913,1518,0.75
912,1517,0.75
911,1517,0.75
910,1516,0.75
909,1516,0.75
908,1515,0.75
907,1515,0.75
906,1514,0.75
905,1514,0.75
903,1346,0.75
902,1490,0.75
901,1506,0.75
900,1505,0.75
899,1504,0.75
898,1499,0.75
897,1467,0.75
896,1491,0.75
895,1473,0.75
894,1470,0.75
893,1461,0.75
892,1466,0.75
891,1462,0.75
890,1459,0.75
889,1431,0.75
888,1457,0.75
887,1442,0.75
886,1456,0.75
885,1441,0.75
884,1453,0.75
883,1427,0.75
882,1444,0.75
881,1426,0.75
880,1440,0.75
879,1452,0.75
878,1425,0.75
877,1451,0.75
876,1450,0.75
875,1371,0.75
874,1449,0.75
873,1423,0.75
872,1445,0.75
871,1422,0.75
870,1421,0.75
869,1420,0.75
868,1438,0.75
867,1419,0.75
866,1428,0.75
865,1418,0.75
864,1448,0.75
863,1447,0.75
862,1417,0.75
861,1416,0.75
860,1414,0.75
859,1413,0.75
858,1412,0.75
857,1411,0.75
856,1410,0.75
855,1409,0.75
854,1408,0.75
853,1407,0.75
852,1415,0.75
851,1446,0.75
850,1405,0.75
849,1437,0.75
848,1404,0.75
847,1403,0.75
846,1402,0.75
845,1401,0.75
844,1400,0.75
843,1398,0.75
842,1397,0.75
841,1387,0.75
840,1385,0.75
839,1078,0.75
838,1443,0.75
837,1439,0.75
836,1435,0.75
835,1433,0.75
834,1282,0.75
833,1288,0.75
832,1288,0.75
831,1185,
830,1530,
829,1530,
827,1529,0.75
825,1524,0.75
824,1185,
823,1185,
822,1185,
821,1524,0.75
817,1185,
816,1506,0.75
815,1505,0.75
814,1490,0.75
813,1504,0.75
812,1454,0.0
811,1501,0.75
810,1501,0.75
809,1503,
808,1185,
820,974,0.75
819,1497,0.75
818,1347,0.75
826,1235,0.5
828,1497,0.75
807,1371,0.75
806,1371,0.75
805,1371,0.75
804,1371,0.75
803,1500,
802,1500,
801,1500,
800,1497,0.75
799,1489,0.75
798,1497,0.75
797,1497,0.75
796,1497,
795,1499,0.75
794,1360,0.6
793,1360,0.6
792,1360,0.6
791,1467,0.75
790,1492,0.75
789,1492,0.75
788,1491,0.75
787,1454,0.0
786,1185,
785,1185,
784,1369,0.75
783,1369,0.75
782,1369,0.75
781,1369,0.75
780,1369,0.75
779,1473,0.75
778,1470,0.75
777,1466,0.75
776,1463,0.75
775,1462,0.75
774,1461,0.75
773,1459,0.75
772,1458,0.75
771,1457,0.75
770,1456,0.75
769,1454,0.0
768,1453,0.75
767,1452,0.75
766,1451,0.75
765,1450,0.75
764,1449,0.75
763,1448,0.75
762,1447,0.75
761,1446,0.75
760,1445,0.75
759,1444,0.75
758,1443,0.75
757,1442,0.75
756,1441,0.75
755,1251,0.6
754,1440,0.75
753,1439,0.75
752,1438,0.75
750,1437,0.75
749,1435,0.75
748,1433,0.75
747,1431,0.75
746,1430,0.75
745,1368,0.75
744,1368,0.75
743,1428,0.75
742,1427,0.75
741,1426,0.75
740,1425,0.75
739,1423,0.75
738,1422,0.75
737,1235,0.5
736,1421,0.75
735,1420,0.75
734,1419,0.75
733,1418,0.75
732,1368,
731,1417,0.75
730,1416,0.75
729,1415,0.75
728,1414,0.75
727,1413,0.75
726,1412,0.75
725,1411,0.75
724,1410,0.75
723,1409,0.75
722,1408,0.75
721,1407,0.75
720,1405,0.75
719,1404,0.75
718,1403,0.75
717,1402,0.75
716,1248,0.75
715,1312,0.75
714,1401,0.75
713,1400,0.75
712,1398,0.75
711,1397,0.75
710,1391,0.75
709,1387,0.75
708,1385,0.75
703,1368,0.75
702,1368,0.75
701,967,0.75
700,1361,0.5
699,1361,0.5
698,1361,0.5
697,1361,0.5
696,1347,0.75
695,1347,0.75
694,1347,0.75
693,1347,0.75
692,1287,0.75
691,1287,0.75
690,906,0.75
689,906,0.75
688,21,0.75
687,21,0.75
685,1350,0.75
684,21,0.75
683,1346,0.75
682,1345,0.75
681,906,0.75
680,1248,
679,1248,
678,1248,
677,1248,
676,1251,0.6
675,1251,0.6
673,21,0.75
672,1269,
671,1269,
670,1269,
669,1185,
668,1185,
667,1076,0.75
666,1076,0.75
665,1076,0.75
664,1076,0.75
663,871,0.75
662,871,0.75
661,906,
660,1078,0.75
659,906,0.75
658,1273,7.0
657,1291,0.75
656,1185,
655,1185,
654,1185,
653,254,0.75
652,867,
651,867,
650,867,
649,867,
648,867,0.75
647,131,0.75
646,867,0.75
645,867,0.75
644,1286,0.75
643,1286,0.75
642,1286,
641,1286,0.75
640,131,0.75
639,131,0.75
638,131,0.75
637,1312,0.75
636,1312,0.75
635,948,0.75
627,1287,0.75
626,1287,0.75
625,1287,0.75
624,1287,0.75
623,1185,
622,1185,
621,1015,0.75
620,867,0.75
612,1309,0.75
611,1309,0.75
610,1309,0.75
609,1311,0.75
608,1311,
607,1311,0.75
606,1185,
605,1185,
604,1185,
603,1185,
602,1185,
601,1185,
600,1185,
599,1185,
598,1318,10.0
597,1318,10.0
596,1318,10.0
595,1185,
594,1185,
593,1185,
592,1185,
591,867,0.75
590,867,0.75
589,867,0.75
588,1267,0.75
587,1319,10.0
586,1235,0.5
585,1248,0.75
584,1248,0.75
583,1277,10.0
582,1312,0.75
581,131,0.75
580,1045,
579,1171,0.75
578,1285,0.75
577,1301,0.75
576,1301,0.75
575,1308,
574,1306,
573,871,0.75
572,1271,3.0
571,1291,0.75
570,1288,0.75
568,1288,0.75
567,1274,10.0
566,1262,10.0
565,1302,
564,1302,
563,1302,
562,1302,
561,1302,
560,1302,
559,1302,
558,1274,10.0
557,947,10.0
556,1263,3.0
555,1263,3.0
554,1263,3.0
553,1292,10.0
552,935,10.0
551,1195,2.75
550,1284,10.0
549,1272,10.0
548,1275,10.0
546,1265,10.0
542,1271,3.0
541,906,0.75
540,1281,10.0
539,648,0.75
538,648,0.75
537,1281,10.0
536,1241,
535,1231,0.75
534,1231,0.75
533,1231,0.75
532,131,0.75
531,1285,0.75
530,1285,0.75
528,1285,0.75
526,1281,10.0
525,1017,10.0
524,1231,0.75
523,1282,0.75
522,1282,0.75
521,1282,
520,1282,0.75
519,1269,
518,1269,
517,1269,
516,1270,8.0
515,1251,0.6
514,1251,0.6
513,1251,0.6
512,1273,
511,1270,8.0
510,1275,
509,1272,
508,1221,0.0
507,1226,10.0
506,1226,
505,1195,
504,1266,10.0
503,1266,10.0
502,1271,3.0
501,1262,10.0
500,1267,0.75
499,1267,0.75
498,1259,8.0
497,1236,8.0
496,1258,8.0
495,1213,4.0
494,1232,6.5
493,1232,6.5
492,1261,
491,1261,
490,1259,8.0
489,1261,
488,1261,
486,1261,
485,1236,8.0
484,1261,
483,1261,
481,1258,8.0
479,1235,0.5
478,1235,0.5
477,1263,
476,1253,0.75
475,1253,0.75
474,1235,0.5
473,1257,0.75
472,1257,0.75
471,1257,0.75
470,1257,0.75
469,974,0.75
468,974,0.75
464,1253,0.75
463,1253,0.75
452,1235,0.5
461,1253,0.75
460,1235,0.5
459,1221,8.0
458,1221,8.0
457,1251,0.6
454,1235,0.5
453,1251,0.6
451,1169,
450,1169,
449,1248,0.75
447,1248,0.75
443,966,
442,1224,7.0
441,1224,
434,906,0.75
433,1215,8.0
432,1229,7.0
431,1229,
429,1215,
428,1215,
425,1247,6.5
424,1247,6.5
415,1118,10.0
414,1171,0.75
411,895,0.5
404,1146,
403,895,0.5
402,895,0.5
401,1171,0.75
400,1171,0.75
395,1030,10.0
388,787,6.0
387,947,10.0
371,1197,10.0
370,1201,6.0
369,1198,10.0
367,1109,
366,1109,
365,1066,2.5
364,1201,6.0
363,1118,10.0
362,1118,10.0
361,1197,10.0
360,1198,
359,1191,10.0
358,1191,10.0
357,967,0.75
356,1179,
355,1179,
332,1169,
354,1170,10.0
353,1169,
352,1169,
351,1194,10.0
350,916,0.75
349,1195,
348,1194,10.0
347,1195,2.75
344,871,0.75
343,871,0.75
342,1177,10.0
341,1177,10.0
340,1195,2.75
339,906,0.75
338,1170,10.0
336,917,10.0
335,787,6.0
334,1169,
333,1169,
331,893,
330,893,15.0
329,893,15.0
328,948,
327,1033,10.0
326,1033,10.0
325,915,0.75
324,1010,10.0
323,929,10.0
322,670,0.75
321,1158,
320,1158,
319,1085,10.0
318,1085,10.0
317,1023,
316,1023,
315,1023,
314,670,0.75
313,1165,
312,1165,
311,1151,0.75
310,1151,0.75
308,1104,
307,1104,
306,1124,10.0
305,1124,10.0
304,714,0.75
303,1155,
302,1155,
301,1154,10.0
300,1154,
299,1152,10.0
298,1152,10.0
297,1098,
296,1098,
295,1139,
294,1139,
293,1134,10.0
292,1134,
291,180,10.0
290,180,10.0
289,1116,
288,1116,
287,893,4.0
285,1145,
284,1122,10.0
282,1122,10.0
280,770,3.5
279,1102,
277,254,0.75
276,254,0.75
275,871,0.75
274,872,10.0
273,1045,0.0
260,1073,4.0
259,1073,4.0
258,21,0.75
256,1072,0.75
255,895,0.5
254,912,2.25
253,670,0.75
252,648,0.75
251,835,10.0
250,906,0.75
249,936,10.0
248,906,
247,648,0.75
246,835,
245,936,
244,714,0.75
243,653,5.0
241,948,0.75
240,947,10.0
239,130,3.0
238,653,5.0
237,1078,0.75
236,974,0.75
235,254,0.75
234,131,0.75
233,1024,4.0
232,1073,
230,1072,0.75
229,967,0.75
228,939,
225,1066,2.5
224,1030,10.0
223,1030,10.0
222,1062,
221,1045,0.0
220,1045,0.0
219,1031,
217,974,0.75
215,130,3.0
214,939,
213,1017,10.0
212,1024,4.0
211,935,3.0
210,903,3.0
209,902,
207,1015,0.75
206,1010,10.0
203,999,
202,867,0.75
201,998,
200,985,
199,871,2.5
198,912,2.25
197,254,0.75
196,886,
195,885,
193,985,
192,985,
191,979,
190,978,
189,977,
188,976,
187,974,0.75
186,967,0.75
185,966,
184,963,
183,962,
182,830,10.0
181,131,0.65
180,917,10.0
179,906,0.75
177,916,0.75
178,916,0.75
176,951,
175,670,0.75
174,950,
173,948,0.75
172,949,
171,948,0.75
170,947,10.0
169,945,
168,944,
167,942,
164,941,
163,939,
153,936,10.0
149,21,0.75
146,926,
145,770,3.5
142,926,
137,932,
131,931,
128,916,0.75
127,930,
125,929,10.0
118,653,2.5
117,895,0.5
106,130,3.0
105,915,0.75
103,912,2.25
86,924,
85,922,
84,921,
83,837,
82,872,10.0
81,910,
80,901,
79,867,0.75
78,905,
77,907,10.0
76,893,4.0
75,908,
73,871,0.75
72,911,
71,131,0.75
70,892,
69,892,
68,892,
67,892,
66,892,
65,892,
64,892,
63,892,
62,892,
61,892,
60,892,
59,892,
58,905,
57,892,
56,835,10.0
55,700,
54,836,
53,700,
52,849,
50,650,
49,878,
48,787,6.0
47,254,0.75
46,670,0.75
45,836,
44,131,0.75
43,714,0.75
42,692,
41,801,
40,699,
39,648,0.75
38,21,0.75
